date,timestamp,city,temp,humidity,wind_speed,condition,description,icon
2025-12-06,2025-12-06 19:09:50,New York,5.48,63,5.14,Clouds,overcast clouds,04d
2025-12-06,2025-12-06 19:09:50,London,10.62,84,6.17,Clouds,broken clouds,04n
2025-12-06,2025-12-06 19:09:50,Tokyo,6.19,56,2.57,Clear,clear sky,01n
2025-12-06,2025-12-06 19:09:50,Sydney,22.88,60,11.83,Clear,clear sky,01d
2025-12-06,2025-12-06 20:13:43,New York,5.61,61,5.14,Clear,clear sky,01d
2025-12-06,2025-12-06 20:13:43,London,10.3,83,4.63,Clouds,broken clouds,04n
2025-12-06,2025-12-06 20:13:43,Tokyo,5.36,62,1.03,Clear,clear sky,01n
2025-12-06,2025-12-06 20:13:43,Sydney,20.63,80,12.86,Clouds,broken clouds,04d
2025-12-06,2025-12-06 21:11:14,New York,5.15,63,4.92,Clear,clear sky,01d
2025-12-06,2025-12-06 21:11:14,London,10.01,84,6.17,Clouds,broken clouds,04n
2025-12-06,2025-12-06 21:11:14,Tokyo,4.8,64,2.06,Clear,clear sky,01n
2025-12-06,2025-12-06 21:11:14,Sydney,19.91,79,11.32,Clouds,broken clouds,04d
2025-12-06,2025-12-06 22:11:59,New York,4.58,63,6.17,Clear,clear sky,01n
2025-12-06,2025-12-06 22:11:59,London,9.7,83,5.14,Clouds,scattered clouds,03n
2025-12-06,2025-12-06 22:11:59,Tokyo,4.8,67,1.03,Clouds,few clouds,02d
2025-12-06,2025-12-06 22:11:59,Sydney,19.92,77,9.26,Clouds,broken clouds,04d
2025-12-06,2025-12-06 23:11:59,New York,3.99,64,6.69,Clear,clear sky,01n
2025-12-06,2025-12-06 23:11:59,London,9.32,85,5.14,Clouds,scattered clouds,03n
2025-12-06,2025-12-06 23:11:59,Tokyo,5.94,61,2.57,Clouds,few clouds,02d
2025-12-06,2025-12-06 23:11:59,Sydney,20.08,74,9.77,Clouds,broken clouds,04d
2025-12-07,2025-12-07 01:07:12,New York,3.21,66,6.17,Clear,clear sky,01n
2025-12-07,2025-12-07 01:07:12,London,8.83,87,3.6,Clouds,few clouds,02n
2025-12-07,2025-12-07 01:07:12,Tokyo,10.36,55,1.54,Clear,clear sky,01d
2025-12-07,2025-12-07 01:07:12,Sydney,21.11,69,9.26,Clouds,overcast clouds,04d
2025-12-07,2025-12-07 03:21:17,New York,2.34,68,4.63,Clear,clear sky,01n
2025-12-07,2025-12-07 03:21:17,London,8.17,90,2.57,Clouds,overcast clouds,04n
2025-12-07,2025-12-07 03:21:17,Tokyo,13.66,45,2.57,Clear,clear sky,01d
2025-12-07,2025-12-07 03:21:17,Sydney,20.94,66,8.23,Clouds,broken clouds,04d
2025-12-07,2025-12-07 04:27:45,New York,1.88,70,3.09,Clear,clear sky,01n
2025-12-07,2025-12-07 04:27:45,London,8.18,91,1.54,Clouds,overcast clouds,04n
2025-12-07,2025-12-07 04:27:45,Tokyo,14.18,44,2.06,Clear,clear sky,01d
2025-12-07,2025-12-07 04:27:45,Sydney,21.23,62,7.2,Clouds,broken clouds,04d
2025-12-07,2025-12-07 05:12:22,New York,1.53,71,3.6,Clear,clear sky,01n
2025-12-07,2025-12-07 05:12:22,London,8.3,92,0.89,Clouds,overcast clouds,04n
2025-12-07,2025-12-07 05:12:22,Tokyo,14.84,42,2.57,Clear,clear sky,01d
2025-12-07,2025-12-07 05:12:22,Sydney,19.94,66,7.72,Clouds,broken clouds,04d
2025-12-07,2025-12-07 06:18:19,New York,1.51,72,2.57,Clear,clear sky,01n
2025-12-07,2025-12-07 06:18:19,London,8.89,93,1.54,Clouds,overcast clouds,04n
2025-12-07,2025-12-07 06:18:19,Tokyo,14.87,42,2.57,Clouds,few clouds,02d
2025-12-07,2025-12-07 06:18:19,Sydney,19.46,66,7.2,Clouds,overcast clouds,04d
2025-12-07,2025-12-07 07:12:31,New York,1.59,72,3.6,Clear,clear sky,01n
2025-12-07,2025-12-07 07:12:31,London,9.55,94,0.89,Rain,light rain,10n
2025-12-07,2025-12-07 07:12:31,Tokyo,13.89,39,3.09,Clear,clear sky,01d
2025-12-07,2025-12-07 07:12:31,Sydney,19.14,67,7.72,Clouds,overcast clouds,04d
2025-12-07,2025-12-07 08:16:01,New York,1.13,72,3.6,Clear,clear sky,01n
2025-12-07,2025-12-07 08:16:01,London,10.09,94,2.57,Rain,light rain,10d
2025-12-07,2025-12-07 08:16:01,Tokyo,12.85,47,0.51,Clear,clear sky,01n
2025-12-07,2025-12-07 08:16:01,Sydney,19.05,67,7.72,Clouds,overcast clouds,04d
2025-12-07,2025-12-07 09:12:33,New York,0.9,74,3.09,Clear,clear sky,01n
2025-12-07,2025-12-07 09:12:33,London,10.52,95,3.09,Rain,light rain,10d
2025-12-07,2025-12-07 09:12:33,Tokyo,11.59,48,2.57,Clear,clear sky,01n
2025-12-07,2025-12-07 09:12:33,Sydney,19.02,67,5.66,Clouds,overcast clouds,04n
2025-12-07,2025-12-07 10:06:59,Colombo,29.97,77,3.22,Clouds,overcast clouds,04d
2025-12-07,2025-12-07 10:06:59,Kandy,26.35,74,1.08,Clouds,broken clouds,04d
2025-12-07,2025-12-07 10:06:59,Nuwara Eliya,16.25,81,1.62,Clouds,overcast clouds,04d
2025-12-07,2025-12-07 10:06:59,Galle,27.63,74,2.77,Clouds,broken clouds,04d
2025-12-07,2025-12-07 10:06:59,Tokyo,10.75,54,0.98,Clear,clear sky,01n
2025-12-07,2025-12-07 10:06:59,Dubai,28.96,34,3.09,Clear,clear sky,01d
2025-12-07,2025-12-07 10:06:59,Singapore,30.36,64,6.17,Clouds,broken clouds,04d
2025-12-07,2025-12-07 10:06:59,Sydney,19.07,69,5.66,Clouds,overcast clouds,04n
2025-12-07,2025-12-07 10:06:59,London,11.04,95,2.68,Rain,light rain,10d
2025-12-07,2025-12-07 10:06:59,Paris,11.76,97,4.12,Rain,moderate rain,10d
2025-12-07,2025-12-07 10:06:59,New York,0.38,75,2.06,Clear,clear sky,01n
2025-12-07,2025-12-07 10:06:59,Los Angeles,12.62,72,1.54,Clear,clear sky,01n
2025-12-07,2025-12-07 10:11:20,Colombo,29.97,77,3.22,Clouds,overcast clouds,04d
2025-12-07,2025-12-07 10:11:20,Kandy,26.35,74,1.08,Clouds,broken clouds,04d
2025-12-07,2025-12-07 10:11:20,Nuwara Eliya,16.25,81,1.62,Clouds,overcast clouds,04d
2025-12-07,2025-12-07 10:11:20,Galle,27.63,74,2.77,Clouds,broken clouds,04d
2025-12-07,2025-12-07 10:11:20,Tokyo,10.74,54,0.98,Clear,clear sky,01n
2025-12-07,2025-12-07 10:11:20,Dubai,28.96,34,3.09,Clear,clear sky,01d
2025-12-07,2025-12-07 10:11:20,Singapore,30.36,64,6.17,Clouds,broken clouds,04d
2025-12-07,2025-12-07 10:11:20,Sydney,18.84,69,5.66,Clouds,overcast clouds,04n
2025-12-07,2025-12-07 10:11:20,London,11.04,95,3.09,Rain,light rain,10d
2025-12-07,2025-12-07 10:11:20,Paris,12.28,96,4.12,Rain,light rain,10d
2025-12-07,2025-12-07 10:11:20,New York,0.47,75,2.06,Clear,clear sky,01n
2025-12-07,2025-12-07 10:11:20,Los Angeles,12.57,73,1.54,Clear,clear sky,01n
2025-12-07,2025-12-07 10:12:10,Colombo,29.97,77,3.22,Clouds,overcast clouds,04d
2025-12-07,2025-12-07 10:12:10,Kandy,26.35,74,1.08,Clouds,broken clouds,04d
2025-12-07,2025-12-07 10:12:10,Nuwara Eliya,16.25,81,1.62,Clouds,overcast clouds,04d
2025-12-07,2025-12-07 10:12:10,Galle,27.63,74,2.77,Clouds,broken clouds,04d
2025-12-07,2025-12-07 10:12:10,Tokyo,10.6,54,0.98,Clear,clear sky,01n
2025-12-07,2025-12-07 10:12:10,Dubai,28.96,34,3.09,Clear,clear sky,01d
2025-12-07,2025-12-07 10:12:10,Singapore,30.36,66,5.14,Clouds,broken clouds,04d
2025-12-07,2025-12-07 10:12:10,Sydney,18.84,69,5.66,Clouds,overcast clouds,04n
2025-12-07,2025-12-07 10:12:10,London,11.04,95,2.68,Rain,light rain,10d
2025-12-07,2025-12-07 10:12:10,Paris,12.33,96,4.12,Clouds,overcast clouds,04d
2025-12-07,2025-12-07 10:12:10,New York,0.38,75,2.06,Clear,clear sky,01n
2025-12-07,2025-12-07 10:12:10,Los Angeles,12.62,72,1.54,Clear,clear sky,01n
2025-12-07,2025-12-07 11:10:00,Colombo,29.46,71,3.05,Clouds,overcast clouds,04d
2025-12-07,2025-12-07 11:10:00,Kandy,24.89,84,1.16,Clouds,broken clouds,04d
2025-12-07,2025-12-07 11:10:00,Nuwara Eliya,15.66,85,1.32,Clouds,overcast clouds,04d
2025-12-07,2025-12-07 11:10:00,Galle,27.43,75,2.61,Clouds,overcast clouds,04d
2025-12-07,2025-12-07 11:10:00,Tokyo,9.83,58,0.44,Clear,clear sky,01n
2025-12-07,2025-12-07 11:10:00,Dubai,29.96,30,3.6,Clear,clear sky,01d
2025-12-07,2025-12-07 11:10:00,Singapore,30.19,67,5.14,Clouds,broken clouds,04n
2025-12-07,2025-12-07 11:10:00,Sydney,18.43,71,6.17,Clouds,overcast clouds,04n
2025-12-07,2025-12-07 11:10:00,London,11.81,95,4.12,Clouds,broken clouds,04d
2025-12-07,2025-12-07 11:10:00,Paris,12.68,98,4.12,Clouds,overcast clouds,04d
2025-12-07,2025-12-07 11:10:00,New York,0.32,77,2.06,Clouds,few clouds,02n
2025-12-07,2025-12-07 11:10:00,Los Angeles,12.04,73,0.0,Clear,clear sky,01n
2025-12-07,2025-12-07 12:22:25,Colombo,28.35,82,2.81,Clouds,overcast clouds,04d
2025-12-07,2025-12-07 12:22:25,Kandy,22.84,92,1.28,Clouds,broken clouds,04n
2025-12-07,2025-12-07 12:22:25,Nuwara Eliya,14.39,94,1.21,Clouds,overcast clouds,04n
2025-12-07,2025-12-07 12:22:25,Galle,26.96,78,1.88,Clouds,broken clouds,04d
2025-12-07,2025-12-07 12:22:25,Tokyo,9.92,56,1.03,Clear,clear sky,01n
2025-12-07,2025-12-07 12:22:25,Dubai,27.96,47,6.17,Clear,clear sky,01d
2025-12-07,2025-12-07 12:22:25,Singapore,28.65,71,4.63,Rain,light rain,10n
2025-12-07,2025-12-07 12:22:25,Sydney,18.05,74,4.12,Clouds,overcast clouds,04n
2025-12-07,2025-12-07 12:22:25,London,12.99,95,3.6,Rain,light rain,10d
2025-12-07,2025-12-07 12:22:25,Paris,14.56,94,5.66,Clouds,overcast clouds,04d
2025-12-07,2025-12-07 12:22:25,New York,0.17,78,1.54,Clouds,broken clouds,04d
2025-12-07,2025-12-07 12:22:25,Los Angeles,11.72,72,1.54,Clear,clear sky,01n
2025-12-07,2025-12-07 13:19:53,Colombo,28.35,84,2.44,Clouds,overcast clouds,04n
2025-12-07,2025-12-07 13:19:53,Kandy,21.35,97,1.63,Clouds,broken clouds,04n
2025-12-07,2025-12-07 13:19:53,Nuwara Eliya,13.01,98,1.15,Clouds,broken clouds,04n
2025-12-07,2025-12-07 13:19:53,Galle,26.39,81,1.39,Clouds,overcast clouds,04n
2025-12-07,2025-12-07 13:19:53,Tokyo,9.62,58,1.54,Clear,clear sky,01n
2025-12-07,2025-12-07 13:19:53,Dubai,27.96,44,5.66,Clear,clear sky,01d
2025-12-07,2025-12-07 13:19:53,Singapore,27.79,74,3.6,Clouds,broken clouds,04n
2025-12-07,2025-12-07 13:19:53,Sydney,17.95,74,1.79,Clouds,overcast clouds,04n
2025-12-07,2025-12-07 13:19:53,London,13.63,95,4.02,Rain,moderate rain,10d
2025-12-07,2025-12-07 13:19:53,Paris,14.56,94,7.2,Clouds,overcast clouds,04d
2025-12-07,2025-12-07 13:19:53,New York,0.98,75,1.54,Clear,clear sky,01d
2025-12-07,2025-12-07 13:19:53,Los Angeles,11.57,71,1.54,Clear,clear sky,01n
2025-12-07,2025-12-07 14:11:31,Colombo,27.8,86,2.01,Clouds,overcast clouds,04n
2025-12-07,2025-12-07 14:11:31,Kandy,20.95,99,1.88,Clouds,broken clouds,04n
2025-12-07,2025-12-07 14:11:31,Nuwara Eliya,13.41,96,1.26,Clouds,overcast clouds,04n
2025-12-07,2025-12-07 14:11:31,Galle,26.12,82,0.82,Clouds,broken clouds,04n
2025-12-07,2025-12-07 14:11:31,Tokyo,10.08,54,2.57,Clear,clear sky,01n
2025-12-07,2025-12-07 14:11:31,Dubai,27.67,51,4.12,Clear,clear sky,01n
2025-12-07,2025-12-07 14:11:31,Singapore,27.79,75,3.6,Clouds,broken clouds,04n
2025-12-07,2025-12-07 14:11:31,Sydney,17.92,75,0.89,Clouds,overcast clouds,04n
2025-12-07,2025-12-07 14:11:31,London,13.79,95,4.63,Clouds,broken clouds,04d
2025-12-07,2025-12-07 14:11:31,Paris,14.6,94,6.69,Clouds,overcast clouds,04d
2025-12-07,2025-12-07 14:11:31,New York,3.3,67,4.47,Fog,fog,50d
2025-12-07,2025-12-07 14:11:31,Los Angeles,10.49,76,1.54,Clear,clear sky,01n
2025-12-07,2025-12-07 15:11:12,Colombo,25.02,93,1.98,Rain,moderate rain,10n
2025-12-07,2025-12-07 15:11:12,Kandy,20.77,99,1.88,Clouds,broken clouds,04n
2025-12-07,2025-12-07 15:11:12,Nuwara Eliya,13.21,96,1.38,Clouds,overcast clouds,04n
2025-12-07,2025-12-07 15:11:12,Galle,26.06,82,0.72,Clouds,broken clouds,04n
2025-12-07,2025-12-07 15:11:12,Tokyo,9.37,56,4.12,Clear,clear sky,01n
2025-12-07,2025-12-07 15:11:12,Dubai,26.96,50,4.12,Clear,clear sky,01n
2025-12-07,2025-12-07 15:11:12,Singapore,27.79,77,3.09,Clouds,broken clouds,04n
2025-12-07,2025-12-07 15:11:12,Sydney,18.3,73,2.57,Clouds,overcast clouds,04n
2025-12-07,2025-12-07 15:11:12,London,13.91,94,4.92,Clouds,overcast clouds,04d
2025-12-07,2025-12-07 15:11:12,Paris,14.55,94,7.2,Rain,light rain,10d
2025-12-07,2025-12-07 15:11:12,New York,4.28,58,3.09,Clear,clear sky,01d
2025-12-07,2025-12-07 15:11:12,Los Angeles,10.25,74,2.06,Clear,clear sky,01d
2025-12-07,2025-12-07 16:14:02,Colombo,25.58,93,2.04,Rain,moderate rain,10n
2025-12-07,2025-12-07 16:14:02,Kandy,20.51,99,1.98,Clouds,broken clouds,04n
2025-12-07,2025-12-07 16:14:02,Nuwara Eliya,13.1,95,1.34,Clouds,overcast clouds,04n
2025-12-07,2025-12-07 16:14:02,Galle,25.72,83,0.41,Clouds,broken clouds,04n
2025-12-07,2025-12-07 16:14:02,Tokyo,8.86,55,2.57,Clear,clear sky,01n
2025-12-07,2025-12-07 16:14:02,Dubai,25.96,53,3.6,Clear,clear sky,01n
2025-12-07,2025-12-07 16:14:02,Singapore,27.79,73,3.6,Rain,light rain,10n
2025-12-07,2025-12-07 16:14:02,Sydney,18.3,74,5.14,Clouds,overcast clouds,04n
2025-12-07,2025-12-07 16:14:02,London,14.3,90,6.69,Clouds,overcast clouds,04n
2025-12-07,2025-12-07 16:14:02,Paris,14.55,93,7.72,Clouds,overcast clouds,04n
2025-12-07,2025-12-07 16:14:02,New York,4.96,55,2.57,Clear,clear sky,01d
2025-12-07,2025-12-07 16:14:02,Los Angeles,14.18,64,2.06,Clear,clear sky,01d
2025-12-07,2025-12-07 17:10:26,Colombo,25.58,94,3.25,Clouds,overcast clouds,04n
2025-12-07,2025-12-07 17:10:26,Kandy,20.27,99,1.95,Clouds,broken clouds,04n
2025-12-07,2025-12-07 17:10:26,Nuwara Eliya,12.92,96,1.29,Clouds,overcast clouds,04n
2025-12-07,2025-12-07 17:10:26,Galle,25.46,84,0.94,Clouds,scattered clouds,03n
2025-12-07,2025-12-07 17:10:26,Tokyo,7.86,60,2.06,Clear,clear sky,01n
2025-12-07,2025-12-07 17:10:26,Dubai,25.96,50,3.09,Clear,clear sky,01n
2025-12-07,2025-12-07 17:10:26,Singapore,27.61,73,3.6,Clouds,broken clouds,04n
2025-12-07,2025-12-07 17:10:26,Sydney,18.58,75,1.34,Clouds,overcast clouds,04n
2025-12-07,2025-12-07 17:10:26,London,14.24,88,7.72,Clouds,overcast clouds,04n
2025-12-07,2025-12-07 17:10:26,Paris,14.58,92,7.72,Clouds,overcast clouds,04n
2025-12-07,2025-12-07 17:10:26,New York,5.22,56,2.57,Clear,clear sky,01d
2025-12-07,2025-12-07 17:10:26,Los Angeles,16.92,57,0.0,Clouds,few clouds,02d
2025-12-07,2025-12-07 18:17:08,Colombo,25.02,94,3.47,Clouds,broken clouds,04n
2025-12-07,2025-12-07 18:17:08,Kandy,20.19,99,1.93,Clouds,scattered clouds,03n
2025-12-07,2025-12-07 18:17:08,Nuwara Eliya,12.13,96,1.35,Clouds,overcast clouds,04n
2025-12-07,2025-12-07 18:17:08,Galle,25.75,81,1.27,Clouds,broken clouds,04n
2025-12-07,2025-12-07 18:17:08,Tokyo,7.02,62,3.09,Clear,clear sky,01n
2025-12-07,2025-12-07 18:17:08,Dubai,24.96,41,2.57,Clear,clear sky,01n
2025-12-07,2025-12-07 18:17:08,Singapore,27.04,76,4.12,Clouds,broken clouds,04n
2025-12-07,2025-12-07 18:17:08,Sydney,18.55,75,1.79,Clouds,overcast clouds,04n
2025-12-07,2025-12-07 18:17:08,London,13.85,87,7.72,Clouds,broken clouds,04n
2025-12-07,2025-12-07 18:17:08,Paris,14.54,92,7.2,Drizzle,light intensity drizzle,09n
2025-12-07,2025-12-07 18:17:08,New York,5.36,54,5.66,Clouds,overcast clouds,04d
2025-12-07,2025-12-07 18:17:08,Los Angeles,19.0,49,2.57,Clear,clear sky,01d
2025-12-07,2025-12-07 19:09:47,Colombo,25.02,93,3.0,Clouds,broken clouds,04n
2025-12-07,2025-12-07 19:09:47,Kandy,20.04,99,1.87,Clouds,broken clouds,04n
2025-12-07,2025-12-07 19:09:47,Nuwara Eliya,12.01,95,1.41,Clouds,overcast clouds,04n
2025-12-07,2025-12-07 19:09:47,Galle,25.8,81,1.82,Clouds,broken clouds,04n
2025-12-07,2025-12-07 19:09:47,Tokyo,7.02,61,1.54,Clear,clear sky,01n
2025-12-07,2025-12-07 19:09:47,Dubai,24.96,41,2.57,Clear,clear sky,01n
2025-12-07,2025-12-07 19:09:47,Singapore,26.93,77,2.57,Clouds,broken clouds,04n
2025-12-07,2025-12-07 19:09:47,Sydney,18.56,77,2.24,Clouds,overcast clouds,04d
2025-12-07,2025-12-07 19:09:47,London,13.17,79,9.39,Clouds,broken clouds,04n
2025-12-07,2025-12-07 19:09:47,Paris,14.55,92,7.2,Clouds,overcast clouds,04n
2025-12-07,2025-12-07 19:09:47,New York,5.35,54,4.47,Clouds,scattered clouds,03d
2025-12-07,2025-12-07 19:09:47,Los Angeles,20.61,43,2.57,Clear,clear sky,01d
2025-12-07,2025-12-07 20:13:40,Colombo,25.02,94,2.62,Clouds,scattered clouds,03n
2025-12-07,2025-12-07 20:13:40,Kandy,19.89,99,1.72,Clouds,broken clouds,04n
2025-12-07,2025-12-07 20:13:40,Nuwara Eliya,11.89,95,1.17,Clouds,broken clouds,04n
2025-12-07,2025-12-07 20:13:40,Galle,25.74,81,1.98,Clouds,scattered clouds,03n
2025-12-07,2025-12-07 20:13:40,Tokyo,6.75,61,2.06,Clear,clear sky,01n
2025-12-07,2025-12-07 20:13:40,Dubai,23.96,43,2.06,Clear,clear sky,01n
2025-12-07,2025-12-07 20:13:40,Singapore,26.93,77,3.09,Clouds,broken clouds,04n
2025-12-07,2025-12-07 20:13:40,Sydney,19.06,78,0.45,Rain,light rain,10d
2025-12-07,2025-12-07 20:13:40,London,12.52,79,11.32,Clouds,scattered clouds,03n
2025-12-07,2025-12-07 20:13:40,Paris,14.55,93,6.17,Clouds,overcast clouds,04n
2025-12-07,2025-12-07 20:13:40,New York,5.25,55,6.69,Clouds,overcast clouds,04d
2025-12-07,2025-12-07 20:13:40,Los Angeles,22.56,39,3.6,Clear,clear sky,01d
2025-12-07,2025-12-07 21:10:45,Colombo,24.46,95,2.72,Clouds,scattered clouds,03n
2025-12-07,2025-12-07 21:10:45,Kandy,19.71,99,1.54,Clouds,broken clouds,04n
2025-12-07,2025-12-07 21:10:45,Nuwara Eliya,11.92,94,0.91,Clouds,broken clouds,04n
2025-12-07,2025-12-07 21:10:45,Galle,25.66,81,1.79,Clouds,scattered clouds,03n
2025-12-07,2025-12-07 21:10:45,Tokyo,6.75,62,2.06,Clear,clear sky,01n
2025-12-07,2025-12-07 21:10:45,Dubai,22.96,49,2.57,Clear,clear sky,01n
2025-12-07,2025-12-07 21:10:45,Singapore,26.75,78,2.57,Clouds,broken clouds,04n
2025-12-07,2025-12-07 21:10:45,Sydney,20.04,76,0.89,Clouds,overcast clouds,04d
2025-12-07,2025-12-07 21:10:45,London,12.25,79,8.23,Clouds,broken clouds,04n
2025-12-07,2025-12-07 21:10:45,Paris,14.55,93,6.17,Clouds,overcast clouds,04n
2025-12-07,2025-12-07 21:10:45,New York,5.21,54,5.66,Clouds,overcast clouds,04d
2025-12-07,2025-12-07 21:10:45,Los Angeles,23.32,38,4.63,Clear,clear sky,01d
2025-12-07,2025-12-07 22:12:01,Colombo,24.46,95,2.54,Clouds,scattered clouds,03n
2025-12-07,2025-12-07 22:12:01,Kandy,19.53,98,1.5,Clouds,scattered clouds,03n
2025-12-07,2025-12-07 22:12:01,Nuwara Eliya,11.92,92,0.71,Clouds,broken clouds,04n
2025-12-07,2025-12-07 22:12:01,Galle,25.64,81,1.84,Clouds,scattered clouds,03n
2025-12-07,2025-12-07 22:12:01,Tokyo,6.75,60,1.03,Clouds,few clouds,02d
2025-12-07,2025-12-07 22:12:01,Dubai,21.96,53,2.57,Clear,clear sky,01n
2025-12-07,2025-12-07 22:12:01,Singapore,26.75,78,3.09,Clouds,broken clouds,04n
2025-12-07,2025-12-07 22:12:01,Sydney,21.06,72,4.12,Clouds,broken clouds,04d
2025-12-07,2025-12-07 22:12:01,London,12.15,80,5.66,Clouds,broken clouds,04n
2025-12-07,2025-12-07 22:12:01,Paris,14.54,93,5.66,Drizzle,light intensity drizzle,09n
2025-12-07,2025-12-07 22:12:01,New York,4.73,56,5.66,Clouds,overcast clouds,04n
2025-12-07,2025-12-07 22:12:01,Los Angeles,22.78,41,3.09,Clear,clear sky,01d
2025-12-07,2025-12-07 23:11:38,Colombo,24.46,95,2.22,Clouds,scattered clouds,03n
2025-12-07,2025-12-07 23:11:38,Kandy,19.34,98,1.55,Clouds,scattered clouds,03n
2025-12-07,2025-12-07 23:11:38,Nuwara Eliya,11.32,93,0.78,Clouds,broken clouds,04n
2025-12-07,2025-12-07 23:11:38,Galle,25.69,82,2.11,Clouds,scattered clouds,03n
2025-12-07,2025-12-07 23:11:38,Tokyo,7.62,57,3.09,Clouds,few clouds,02d
2025-12-07,2025-12-07 23:11:38,Dubai,22.96,46,3.09,Clear,clear sky,01n
2025-12-07,2025-12-07 23:11:38,Singapore,26.18,80,3.09,Clouds,broken clouds,04d
2025-12-07,2025-12-07 23:11:38,Sydney,22.42,68,5.14,Clouds,broken clouds,04d
2025-12-07,2025-12-07 23:11:38,London,11.7,82,5.14,Clouds,broken clouds,04n
2025-12-07,2025-12-07 23:11:38,Paris,14.15,95,5.66,Drizzle,light intensity drizzle,09n
2025-12-07,2025-12-07 23:11:38,New York,4.58,57,5.66,Clouds,overcast clouds,04n
2025-12-07,2025-12-07 23:11:38,Los Angeles,22.16,46,5.14,Clear,clear sky,01d
2025-12-08,2025-12-08 01:01:35,Colombo,23.91,95,4.35,Clouds,few clouds,02d
2025-12-08,2025-12-08 01:01:35,Kandy,19.18,99,1.55,Clouds,few clouds,02d
2025-12-08,2025-12-08 01:01:35,Nuwara Eliya,11.23,91,0.71,Clear,clear sky,01d
2025-12-08,2025-12-08 01:01:35,Galle,25.6,81,1.84,Clouds,overcast clouds,04d
2025-12-08,2025-12-08 01:01:35,Tokyo,12.04,54,3.6,Clear,clear sky,01d
2025-12-08,2025-12-08 01:01:35,Dubai,21.96,46,3.6,Clear,clear sky,01n
2025-12-08,2025-12-08 01:01:35,Singapore,26.93,79,2.06,Clouds,broken clouds,04d
2025-12-08,2025-12-08 01:01:35,Sydney,24.81,61,8.23,Clouds,broken clouds,04d
2025-12-08,2025-12-08 01:01:35,London,10.92,86,3.6,Clouds,broken clouds,04n
2025-12-08,2025-12-08 01:01:35,Paris,14.55,93,7.2,Clouds,overcast clouds,04n
2025-12-08,2025-12-08 01:01:35,New York,4.46,60,6.17,Clouds,overcast clouds,04n
2025-12-08,2025-12-08 01:01:35,Los Angeles,18.87,62,4.63,Clear,clear sky,01n
2025-12-08,2025-12-08 03:15:46,Colombo,27.8,77,4.98,Clouds,few clouds,02d
2025-12-08,2025-12-08 03:15:46,Kandy,22.71,85,1.62,Clouds,few clouds,02d
2025-12-08,2025-12-08 03:15:46,Nuwara Eliya,15.29,76,1.53,Clear,clear sky,01d
2025-12-08,2025-12-08 03:15:46,Galle,28.85,80,0.89,Clouds,overcast clouds,04d
2025-12-08,2025-12-08 03:15:46,Tokyo,15.21,52,6.17,Clouds,few clouds,02d
2025-12-08,2025-12-08 03:15:46,Dubai,20.96,49,2.06,Clear,clear sky,01d
2025-12-08,2025-12-08 03:15:46,Singapore,29.32,70,5.66,Clouds,broken clouds,04d
2025-12-08,2025-12-08 03:15:46,Sydney,24.88,63,9.77,Clouds,broken clouds,04d
2025-12-08,2025-12-08 03:15:46,London,11.02,90,2.57,Clouds,few clouds,02n
2025-12-08,2025-12-08 03:15:46,Paris,14.47,91,5.66,Clouds,overcast clouds,04n
2025-12-08,2025-12-08 03:15:46,New York,4.12,63,7.2,Clouds,scattered clouds,03n
2025-12-08,2025-12-08 03:15:46,Los Angeles,16.53,67,3.09,Clear,clear sky,01n
2025-12-08,2025-12-08 04:27:43,Colombo,29.46,71,4.99,Clouds,few clouds,02d
2025-12-08,2025-12-08 04:27:43,Kandy,24.86,73,1.5,Clouds,few clouds,02d
2025-12-08,2025-12-08 04:27:43,Nuwara Eliya,16.91,69,1.51,Clear,clear sky,01d
2025-12-08,2025-12-08 04:27:43,Galle,29.96,77,0.45,Clouds,overcast clouds,04d
2025-12-08,2025-12-08 04:27:43,Tokyo,16.59,47,5.66,Clear,clear sky,01d
2025-12-08,2025-12-08 04:27:43,Dubai,22.96,40,2.06,Clear,clear sky,01d
2025-12-08,2025-12-08 04:27:43,Singapore,29.91,66,6.69,Clouds,broken clouds,04d
2025-12-08,2025-12-08 04:27:43,Sydney,25.9,61,9.26,Clouds,broken clouds,04d
2025-12-08,2025-12-08 04:27:43,London,11.33,89,3.09,Clouds,broken clouds,04n
2025-12-08,2025-12-08 04:27:43,Paris,14.14,91,5.66,Clouds,overcast clouds,04n
2025-12-08,2025-12-08 04:27:43,New York,3.87,64,6.17,Clear,clear sky,01n
2025-12-08,2025-12-08 04:27:43,Los Angeles,16.12,66,2.06,Clear,clear sky,01n
2025-12-08,2025-12-08 05:16:08,Colombo,30.58,67,4.54,Clouds,few clouds,02d
2025-12-08,2025-12-08 05:16:08,Kandy,26.86,62,1.63,Clouds,few clouds,02d
2025-12-08,2025-12-08 05:16:08,Nuwara Eliya,18.32,63,1.76,Clear,clear sky,01d
2025-12-08,2025-12-08 05:16:08,Galle,30.52,75,2.68,Clouds,overcast clouds,04d
2025-12-08,2025-12-08 05:16:08,Tokyo,17.32,46,7.2,Clouds,scattered clouds,03d
2025-12-08,2025-12-08 05:16:08,Dubai,24.96,38,3.09,Clear,clear sky,01d
2025-12-08,2025-12-08 05:16:08,Singapore,29.52,66,7.2,Clouds,broken clouds,04d
2025-12-08,2025-12-08 05:16:08,Sydney,26.07,59,10.8,Clouds,broken clouds,04d
2025-12-08,2025-12-08 05:16:08,London,11.53,88,3.6,Clouds,broken clouds,04n
2025-12-08,2025-12-08 05:16:08,Paris,14.14,91,6.17,Clouds,overcast clouds,04n
2025-12-08,2025-12-08 05:16:08,New York,3.43,66,4.02,Clear,clear sky,01n
2025-12-08,2025-12-08 05:16:08,Los Angeles,16.08,68,2.57,Clear,clear sky,01n
2025-12-08,2025-12-08 06:23:04,Colombo,31.69,59,5.36,Clear,clear sky,01d
2025-12-08,2025-12-08 06:23:04,Kandy,28.1,55,1.88,Clouds,few clouds,02d
2025-12-08,2025-12-08 06:23:04,Nuwara Eliya,18.99,62,2.05,Clear,clear sky,01d
2025-12-08,2025-12-08 06:23:04,Galle,31.63,70,0.45,Clouds,broken clouds,04d
2025-12-08,2025-12-08 06:23:04,Tokyo,17.93,47,7.72,Clouds,few clouds,02d
2025-12-08,2025-12-08 06:23:04,Dubai,25.2,41,2.57,Clear,clear sky,01d
2025-12-08,2025-12-08 06:23:04,Singapore,29.32,67,7.72,Clouds,broken clouds,04d
2025-12-08,2025-12-08 06:23:04,Sydney,24.92,61,10.29,Clouds,broken clouds,04d
2025-12-08,2025-12-08 06:23:04,London,11.79,88,4.12,Clouds,overcast clouds,04n
2025-12-08,2025-12-08 06:23:04,Paris,14.19,90,6.17,Clouds,overcast clouds,04n
2025-12-08,2025-12-08 06:23:04,New York,3.23,66,7.2,Clear,clear sky,01n
2025-12-08,2025-12-08 06:23:04,Los Angeles,15.46,69,2.06,Clear,clear sky,01n
2025-12-08,2025-12-08 07:18:30,Colombo,32.24,56,6.12,Clear,clear sky,01d
2025-12-08,2025-12-08 07:18:30,Kandy,28.73,51,1.87,Clear,clear sky,01d
2025-12-08,2025-12-08 07:18:30,Nuwara Eliya,19.04,62,2.11,Clouds,scattered clouds,03d
2025-12-08,2025-12-08 07:18:30,Galle,27.66,75,3.61,Clouds,scattered clouds,03d
2025-12-08,2025-12-08 07:18:30,Tokyo,16.69,48,1.26,Clouds,overcast clouds,04d
2025-12-08,2025-12-08 07:18:30,Dubai,28.96,24,5.66,Clear,clear sky,01d
2025-12-08,2025-12-08 07:18:30,Singapore,29.48,67,8.23,Clouds,broken clouds,04d
2025-12-08,2025-12-08 07:18:30,Sydney,24.9,61,10.29,Clouds,few clouds,02d
2025-12-08,2025-12-08 07:18:30,London,12.3,88,4.63,Clouds,broken clouds,04n
2025-12-08,2025-12-08 07:18:30,Paris,14.14,91,5.66,Clouds,overcast clouds,04n
2025-12-08,2025-12-08 07:18:30,New York,3.15,67,5.36,Clouds,broken clouds,04n
2025-12-08,2025-12-08 07:18:30,Los Angeles,15.53,68,2.06,Clear,clear sky,01n
2025-12-08,2025-12-08 08:21:21,Colombo,33.35,53,6.82,Clouds,few clouds,02d
2025-12-08,2025-12-08 08:21:21,Kandy,28.88,49,1.92,Clear,clear sky,01d
2025-12-08,2025-12-08 08:21:21,Nuwara Eliya,17.77,68,1.97,Clouds,broken clouds,04d
2025-12-08,2025-12-08 08:21:21,Galle,26.97,80,3.95,Clouds,scattered clouds,03d
2025-12-08,2025-12-08 08:21:21,Tokyo,14.95,52,4.12,Clouds,scattered clouds,03n
2025-12-08,2025-12-08 08:21:21,Dubai,29.96,20,4.63,Clear,clear sky,01d
2025-12-08,2025-12-08 08:21:21,Singapore,29.71,66,8.23,Clouds,broken clouds,04d
2025-12-08,2025-12-08 08:21:21,Sydney,22.55,70,10.29,Clear,clear sky,01d
2025-12-08,2025-12-08 08:21:21,London,12.62,87,4.12,Clouds,few clouds,02d
2025-12-08,2025-12-08 08:21:21,Paris,14.14,90,6.69,Clouds,overcast clouds,04d
2025-12-08,2025-12-08 08:21:21,New York,2.31,55,9.26,Clouds,broken clouds,04n
2025-12-08,2025-12-08 08:21:21,Los Angeles,14.54,73,1.54,Clear,clear sky,01n
2025-12-08,2025-12-08 09:20:39,Colombo,33.35,50,7.56,Clouds,few clouds,02d
2025-12-08,2025-12-08 09:20:39,Kandy,28.63,50,1.93,Clear,clear sky,01d
2025-12-08,2025-12-08 09:20:39,Nuwara Eliya,16.47,73,1.51,Clouds,broken clouds,04d
2025-12-08,2025-12-08 09:20:39,Galle,27.26,78,3.79,Clouds,scattered clouds,03d
2025-12-08,2025-12-08 09:20:39,Tokyo,13.86,59,3.09,Clouds,scattered clouds,03n
2025-12-08,2025-12-08 09:20:39,Dubai,30.96,16,4.12,Clear,clear sky,01d
2025-12-08,2025-12-08 09:20:39,Singapore,28.66,67,7.2,Clouds,broken clouds,04d
2025-12-08,2025-12-08 09:20:39,Sydney,22.11,74,10.8,Clear,clear sky,01n
2025-12-08,2025-12-08 09:20:39,London,12.85,87,4.47,Clouds,overcast clouds,04d
2025-12-08,2025-12-08 09:20:39,Paris,14.19,90,6.17,Clouds,overcast clouds,04d
2025-12-08,2025-12-08 09:20:39,New York,1.35,50,7.72,Clouds,broken clouds,04n
2025-12-08,2025-12-08 09:20:39,Los Angeles,14.67,74,1.54,Clear,clear sky,01n
2025-12-08,2025-12-08 10:15:51,Colombo,32.8,53,9.06,Clouds,few clouds,02d
2025-12-08,2025-12-08 10:15:51,Kandy,27.67,54,2.0,Clear,clear sky,01d
2025-12-08,2025-12-08 10:15:51,Nuwara Eliya,16.09,76,1.6,Clouds,broken clouds,04d
2025-12-08,2025-12-08 10:15:51,Galle,27.3,77,3.55,Clouds,scattered clouds,03d
2025-12-08,2025-12-08 10:15:51,Tokyo,14.19,56,2.57,Clouds,scattered clouds,03n
2025-12-08,2025-12-08 10:15:51,Dubai,30.96,19,6.17,Clear,clear sky,01d
2025-12-08,2025-12-08 10:15:51,Singapore,28.82,67,7.2,Clouds,broken clouds,04d
2025-12-08,2025-12-08 10:15:51,Sydney,21.6,77,8.75,Clear,clear sky,01n
2025-12-08,2025-12-08 10:15:51,London,13.02,86,4.12,Clouds,scattered clouds,03d
2025-12-08,2025-12-08 10:15:51,Paris,14.18,90,5.66,Clouds,overcast clouds,04d
2025-12-08,2025-12-08 10:15:51,New York,0.52,50,9.26,Clear,clear sky,01n
2025-12-08,2025-12-08 10:15:51,Los Angeles,14.43,73,0.0,Clear,clear sky,01n
2025-12-08,2025-12-08 11:12:38,Colombo,30.58,73,9.4,Clouds,scattered clouds,03d
2025-12-08,2025-12-08 11:12:38,Kandy,26.08,64,1.84,Clouds,few clouds,02d
2025-12-08,2025-12-08 11:12:38,Nuwara Eliya,15.26,81,1.53,Clouds,overcast clouds,04d
2025-12-08,2025-12-08 11:12:38,Galle,27.22,76,2.67,Clouds,scattered clouds,03d
2025-12-08,2025-12-08 11:12:38,Tokyo,13.84,48,7.2,Clear,clear sky,01n
2025-12-08,2025-12-08 11:12:38,Dubai,31.96,17,5.66,Clear,clear sky,01d
2025-12-08,2025-12-08 11:12:38,Singapore,28.47,68,6.17,Clouds,broken clouds,04n
2025-12-08,2025-12-08 11:12:38,Sydney,21.33,78,6.69,Clouds,scattered clouds,03n
2025-12-08,2025-12-08 11:12:38,London,13.74,85,4.63,Clouds,overcast clouds,04d
2025-12-08,2025-12-08 11:12:38,Paris,14.77,87,7.2,Clouds,overcast clouds,04d
2025-12-08,2025-12-08 11:12:38,New York,-0.24,51,9.39,Clouds,broken clouds,04n
2025-12-08,2025-12-08 11:12:38,Los Angeles,14.71,67,0.0,Clear,clear sky,01n
2025-12-08,2025-12-08 12:27:16,Colombo,28.91,81,8.93,Clouds,scattered clouds,03n
2025-12-08,2025-12-08 12:27:16,Kandy,23.07,80,1.87,Clouds,scattered clouds,03n
2025-12-08,2025-12-08 12:27:16,Nuwara Eliya,14.31,87,1.66,Clouds,overcast clouds,04n
2025-12-08,2025-12-08 12:27:16,Galle,26.85,77,2.29,Clouds,scattered clouds,03n
2025-12-08,2025-12-08 12:27:16,Tokyo,12.84,49,0.89,Clouds,overcast clouds,04n
2025-12-08,2025-12-08 12:27:16,Dubai,31.96,15,5.14,Clear,clear sky,01d
2025-12-08,2025-12-08 12:27:16,Singapore,27.79,74,4.63,Clouds,broken clouds,04n
2025-12-08,2025-12-08 12:27:16,Sydney,20.97,81,0.89,Clouds,scattered clouds,03n
2025-12-08,2025-12-08 12:27:16,London,14.17,84,5.14,Rain,light rain,10d
2025-12-08,2025-12-08 12:27:16,Paris,15.25,83,8.75,Clouds,overcast clouds,04d
2025-12-08,2025-12-08 12:27:16,New York,-1.12,49,6.17,Clear,clear sky,01d
2025-12-08,2025-12-08 12:27:16,Los Angeles,15.2,62,0.0,Clear,clear sky,01n
2025-12-08,2025-12-08 13:30:04,Colombo,28.35,82,8.73,Clouds,scattered clouds,03n
2025-12-08,2025-12-08 13:30:04,Kandy,20.83,92,2.05,Clouds,overcast clouds,04n
2025-12-08,2025-12-08 13:30:04,Nuwara Eliya,12.39,94,1.52,Clouds,overcast clouds,04n
2025-12-08,2025-12-08 13:30:04,Galle,26.46,80,2.08,Clouds,scattered clouds,03n
2025-12-08,2025-12-08 13:30:04,Tokyo,12.09,51,7.2,Clear,clear sky,01n
2025-12-08,2025-12-08 13:30:04,Dubai,28.96,42,5.14,Clear,clear sky,01d
2025-12-08,2025-12-08 13:30:04,Singapore,27.04,76,3.09,Clouds,broken clouds,04n
2025-12-08,2025-12-08 13:30:04,Sydney,20.58,84,1.79,Clouds,broken clouds,04n
2025-12-08,2025-12-08 13:30:04,London,14.31,83,5.66,Clouds,scattered clouds,03d
2025-12-08,2025-12-08 13:30:04,Paris,16.03,81,7.2,Clouds,scattered clouds,03d
2025-12-08,2025-12-08 13:30:04,New York,-1.13,51,6.69,Clear,clear sky,01d
2025-12-08,2025-12-08 13:30:04,Los Angeles,15.29,63,0.45,Clear,clear sky,01n
2025-12-08,2025-12-08 14:14:19,Colombo,28.35,82,8.51,Clouds,scattered clouds,03n
2025-12-08,2025-12-08 14:14:19,Kandy,20.83,92,2.05,Clouds,overcast clouds,04n
2025-12-08,2025-12-08 14:14:19,Nuwara Eliya,12.39,94,1.52,Clouds,overcast clouds,04n
2025-12-08,2025-12-08 14:14:19,Galle,26.46,80,2.08,Clouds,scattered clouds,03n
2025-12-08,2025-12-08 14:14:19,Tokyo,11.73,49,0.89,Clouds,overcast clouds,04n
2025-12-08,2025-12-08 14:14:19,Dubai,28.96,42,5.14,Clear,clear sky,01n
2025-12-08,2025-12-08 14:14:19,Singapore,27.04,76,2.57,Clouds,broken clouds,04n
2025-12-08,2025-12-08 14:14:19,Sydney,19.99,86,0.45,Clouds,broken clouds,04n
2025-12-08,2025-12-08 14:14:19,London,14.23,83,5.14,Clouds,broken clouds,04d
2025-12-08,2025-12-08 14:14:19,Paris,15.89,80,5.14,Clouds,scattered clouds,03d
2025-12-08,2025-12-08 14:14:19,New York,-1.52,46,10.8,Clear,clear sky,01d
2025-12-08,2025-12-08 14:14:19,Los Angeles,15.05,61,0.0,Clouds,few clouds,02n
2025-12-08,2025-12-08 15:15:06,Colombo,28.35,76,7.46,Clouds,few clouds,02n
2025-12-08,2025-12-08 15:15:06,Kandy,20.6,95,2.04,Clouds,overcast clouds,04n
2025-12-08,2025-12-08 15:15:06,Nuwara Eliya,11.36,97,1.38,Clouds,broken clouds,04n
2025-12-08,2025-12-08 15:15:06,Galle,26.57,81,1.96,Clouds,broken clouds,04n
2025-12-08,2025-12-08 15:15:06,Tokyo,11.19,48,8.23,Clear,clear sky,01n
2025-12-08,2025-12-08 15:15:06,Dubai,27.96,42,3.6,Clear,clear sky,01n
2025-12-08,2025-12-08 15:15:06,Singapore,27.04,76,2.57,Clouds,broken clouds,04n
2025-12-08,2025-12-08 15:15:06,Sydney,19.91,88,4.12,Clouds,broken clouds,04n
2025-12-08,2025-12-08 15:15:06,London,13.42,88,4.63,Rain,moderate rain,10d
2025-12-08,2025-12-08 15:15:06,Paris,15.78,78,6.69,Clouds,broken clouds,04d
2025-12-08,2025-12-08 15:15:06,New York,-2.12,37,9.77,Clear,clear sky,01d
2025-12-08,2025-12-08 15:15:06,Los Angeles,14.83,64,0.0,Clear,clear sky,01d
2025-12-08,2025-12-08 16:18:01,Colombo,27.8,75,7.52,Clouds,few clouds,02n
2025-12-08,2025-12-08 16:18:01,Kandy,20.48,97,1.97,Clouds,broken clouds,04n
2025-12-08,2025-12-08 16:18:01,Nuwara Eliya,11.28,97,1.32,Clouds,broken clouds,04n
2025-12-08,2025-12-08 16:18:01,Galle,26.66,82,1.9,Clouds,broken clouds,04n
2025-12-08,2025-12-08 16:18:01,Tokyo,11.09,48,7.2,Clouds,broken clouds,04n
2025-12-08,2025-12-08 16:18:01,Dubai,27.96,26,3.09,Clear,clear sky,01n
2025-12-08,2025-12-08 16:18:01,Singapore,26.93,77,2.06,Clouds,broken clouds,04n
2025-12-08,2025-12-08 16:18:01,Sydney,18.45,90,0.45,Clouds,overcast clouds,04n
2025-12-08,2025-12-08 16:18:01,London,13.3,89,4.63,Rain,moderate rain,10n
2025-12-08,2025-12-08 16:18:01,Paris,14.84,81,4.63,Clear,clear sky,01n
2025-12-08,2025-12-08 16:18:01,New York,-1.81,29,8.94,Clear,clear sky,01d
2025-12-08,2025-12-08 16:18:01,Los Angeles,16.06,61,0.0,Clear,clear sky,01d
2025-12-08,2025-12-08 17:14:33,Colombo,26.69,79,8.29,Clouds,few clouds,02n
2025-12-08,2025-12-08 17:14:33,Kandy,20.27,98,1.84,Clouds,broken clouds,04n
2025-12-08,2025-12-08 17:14:33,Nuwara Eliya,11.28,96,1.49,Clouds,broken clouds,04n
2025-12-08,2025-12-08 17:14:33,Galle,26.63,83,1.11,Clouds,scattered clouds,03n
2025-12-08,2025-12-08 17:14:33,Tokyo,10.66,48,0.45,Clouds,overcast clouds,04n
2025-12-08,2025-12-08 17:14:33,Dubai,25.96,29,2.57,Clear,clear sky,01n
2025-12-08,2025-12-08 17:14:33,Singapore,26.18,79,2.06,Clouds,broken clouds,04n
2025-12-08,2025-12-08 17:14:33,Sydney,18.76,90,0.45,Clouds,broken clouds,04n
2025-12-08,2025-12-08 17:14:33,London,12.75,90,4.63,Rain,light rain,10n
2025-12-08,2025-12-08 17:14:33,Paris,14.3,82,4.12,Clear,clear sky,01n
2025-12-08,2025-12-08 17:14:33,New York,-1.92,27,8.94,Clear,clear sky,01d
2025-12-08,2025-12-08 17:14:33,Los Angeles,18.16,57,1.54,Clear,clear sky,01d
2025-12-08,2025-12-08 18:20:28,Colombo,26.13,81,8.22,Clouds,scattered clouds,03n
2025-12-08,2025-12-08 18:20:28,Kandy,20.02,99,1.59,Clouds,broken clouds,04n
2025-12-08,2025-12-08 18:20:28,Nuwara Eliya,11.84,95,1.28,Clouds,broken clouds,04n
2025-12-08,2025-12-08 18:20:28,Galle,26.41,83,0.77,Clouds,broken clouds,04n
2025-12-08,2025-12-08 18:20:28,Tokyo,10.12,49,7.72,Clear,clear sky,01n
2025-12-08,2025-12-08 18:20:28,Dubai,24.96,33,2.57,Clear,clear sky,01n
2025-12-08,2025-12-08 18:20:28,Singapore,26.18,79,2.06,Clouds,broken clouds,04n
2025-12-08,2025-12-08 18:20:28,Sydney,17.86,92,1.27,Clouds,broken clouds,04n
2025-12-08,2025-12-08 18:20:28,London,12.44,92,3.6,Clouds,overcast clouds,04n
2025-12-08,2025-12-08 18:20:28,Paris,14.11,82,4.63,Clear,clear sky,01n
2025-12-08,2025-12-08 18:20:28,New York,-2.03,28,8.94,Clear,clear sky,01d
2025-12-08,2025-12-08 18:20:28,Los Angeles,20.96,47,1.54,Clear,clear sky,01d
2025-12-08,2025-12-08 19:11:19,Colombo,25.58,82,7.91,Clear,clear sky,01n
2025-12-08,2025-12-08 19:11:19,Kandy,20.03,98,1.46,Clouds,scattered clouds,03n
2025-12-08,2025-12-08 19:11:19,Nuwara Eliya,11.45,97,1.09,Clouds,few clouds,02n
2025-12-08,2025-12-08 19:11:19,Galle,26.34,82,1.0,Clouds,few clouds,02n
2025-12-08,2025-12-08 19:11:19,Tokyo,9.97,48,8.23,Clear,clear sky,01n
2025-12-08,2025-12-08 19:11:19,Dubai,24.96,31,2.57,Clear,clear sky,01n
2025-12-08,2025-12-08 19:11:19,Singapore,26.07,80,2.06,Clouds,broken clouds,04n
2025-12-08,2025-12-08 19:11:19,Sydney,18.11,91,1.41,Clear,clear sky,01d
2025-12-08,2025-12-08 19:11:19,London,12.52,91,3.6,Clouds,broken clouds,04n
2025-12-08,2025-12-08 19:11:19,Paris,12.93,86,3.6,Clear,clear sky,01n
2025-12-08,2025-12-08 19:11:19,New York,-1.98,27,9.39,Clear,clear sky,01d
2025-12-08,2025-12-08 19:11:19,Los Angeles,23.02,39,2.06,Clear,clear sky,01d
2025-12-08,2025-12-08 20:15:28,Colombo,25.58,84,7.52,Clear,clear sky,01n
2025-12-08,2025-12-08 20:15:28,Kandy,19.86,98,1.3,Clouds,few clouds,02n
2025-12-08,2025-12-08 20:15:28,Nuwara Eliya,11.21,96,0.95,Clouds,few clouds,02n
2025-12-08,2025-12-08 20:15:28,Galle,26.04,82,1.72,Clouds,few clouds,02n
2025-12-08,2025-12-08 20:15:28,Tokyo,9.17,51,7.2,Clear,clear sky,01n
2025-12-08,2025-12-08 20:15:28,Dubai,24.96,33,3.09,Clear,clear sky,01n
2025-12-08,2025-12-08 20:15:28,Singapore,26.07,81,2.06,Clouds,broken clouds,04n
2025-12-08,2025-12-08 20:15:28,Sydney,19.17,92,1.59,Clear,clear sky,01d
2025-12-08,2025-12-08 20:15:28,London,12.7,89,3.6,Clouds,broken clouds,04n
2025-12-08,2025-12-08 20:15:28,Paris,12.51,87,2.06,Clear,clear sky,01n
2025-12-08,2025-12-08 20:15:28,New York,-2.23,28,8.49,Clear,clear sky,01d
2025-12-08,2025-12-08 20:15:28,Los Angeles,25.28,34,2.57,Clear,clear sky,01d
2025-12-08,2025-12-08 21:12:22,Colombo,25.02,86,7.59,Clear,clear sky,01n
2025-12-08,2025-12-08 21:12:22,Kandy,19.73,98,1.24,Clouds,few clouds,02n
2025-12-08,2025-12-08 21:12:22,Nuwara Eliya,11.15,95,0.79,Clouds,scattered clouds,03n
2025-12-08,2025-12-08 21:12:22,Galle,25.86,82,1.4,Clouds,few clouds,02n
2025-12-08,2025-12-08 21:12:22,Tokyo,9.04,52,6.69,Clear,clear sky,01n
2025-12-08,2025-12-08 21:12:22,Dubai,23.96,38,2.57,Clear,clear sky,01n
2025-12-08,2025-12-08 21:12:22,Singapore,26.07,81,2.57,Clouds,broken clouds,04n
2025-12-08,2025-12-08 21:12:22,Sydney,22.14,82,2.57,Clear,clear sky,01d
2025-12-08,2025-12-08 21:12:22,London,12.45,90,3.09,Rain,light rain,10n
2025-12-08,2025-12-08 21:12:22,Paris,12.4,88,2.06,Clear,clear sky,01n
2025-12-08,2025-12-08 21:12:22,New York,-2.81,28,9.26,Clear,clear sky,01d
2025-12-08,2025-12-08 21:12:22,Los Angeles,26.18,37,3.09,Clear,clear sky,01d
2025-12-08,2025-12-08 22:13:05,Colombo,24.46,87,7.21,Clear,clear sky,01n
2025-12-08,2025-12-08 22:13:05,Kandy,19.65,98,1.27,Clouds,scattered clouds,03n
2025-12-08,2025-12-08 22:13:05,Nuwara Eliya,11.17,94,0.81,Clouds,broken clouds,04n
2025-12-08,2025-12-08 22:13:05,Galle,25.54,83,1.3,Clouds,scattered clouds,03n
2025-12-08,2025-12-08 22:13:05,Tokyo,8.61,54,0.45,Clouds,overcast clouds,04d
2025-12-08,2025-12-08 22:13:05,Dubai,22.96,43,2.57,Clear,clear sky,01n
2025-12-08,2025-12-08 22:13:05,Singapore,26.07,81,2.57,Clouds,broken clouds,04n
2025-12-08,2025-12-08 22:13:05,Sydney,25.98,65,3.09,Clear,clear sky,01d
2025-12-08,2025-12-08 22:13:05,London,12.22,92,2.06,Clouds,broken clouds,04n
2025-12-08,2025-12-08 22:13:05,Paris,12.01,88,2.57,Clear,clear sky,01n
2025-12-08,2025-12-08 22:13:05,New York,-2.99,30,7.6,Clear,clear sky,01n
2025-12-08,2025-12-08 22:13:05,Los Angeles,26.43,38,3.09,Clear,clear sky,01d
2025-12-08,2025-12-08 23:12:50,Colombo,25.02,88,6.67,Clouds,few clouds,02n
2025-12-08,2025-12-08 23:12:50,Kandy,19.63,98,1.27,Clouds,scattered clouds,03n
2025-12-08,2025-12-08 23:12:50,Nuwara Eliya,11.17,95,0.91,Clouds,broken clouds,04n
2025-12-08,2025-12-08 23:12:50,Galle,25.08,86,2.1,Clouds,broken clouds,04n
2025-12-08,2025-12-08 23:12:50,Tokyo,9.34,53,7.2,Clouds,broken clouds,04d
2025-12-08,2025-12-08 23:12:50,Dubai,21.96,46,2.57,Clear,clear sky,01n
2025-12-08,2025-12-08 23:12:50,Singapore,24.97,83,1.54,Clouds,broken clouds,04d
2025-12-08,2025-12-08 23:12:50,Sydney,28.34,56,3.09,Clear,clear sky,01d
2025-12-08,2025-12-08 23:12:50,London,12.55,93,2.06,Clouds,broken clouds,04n
2025-12-08,2025-12-08 23:12:50,Paris,11.36,90,3.09,Clear,clear sky,01n
2025-12-08,2025-12-08 23:12:50,New York,-3.3,31,8.05,Clear,clear sky,01n
2025-12-08,2025-12-08 23:12:50,Los Angeles,24.88,44,3.6,Clear,clear sky,01d
2025-12-09,2025-12-09 01:01:20,Colombo,24.46,90,6.64,Clouds,overcast clouds,04d
2025-12-09,2025-12-09 01:01:20,Kandy,19.9,97,1.52,Clouds,broken clouds,04d
2025-12-09,2025-12-09 01:01:20,Nuwara Eliya,11.54,93,1.25,Clouds,overcast clouds,04d
2025-12-09,2025-12-09 01:01:20,Galle,24.47,89,2.58,Clouds,broken clouds,04d
2025-12-09,2025-12-09 01:01:20,Tokyo,10.33,49,6.17,Clear,clear sky,01d
2025-12-09,2025-12-09 01:01:20,Dubai,21.96,43,2.57,Clear,clear sky,01n
2025-12-09,2025-12-09 01:01:20,Singapore,26.93,79,2.57,Clouds,broken clouds,04d
2025-12-09,2025-12-09 01:01:20,Sydney,31.58,39,4.63,Clear,clear sky,01d
2025-12-09,2025-12-09 01:01:20,London,13.13,88,4.12,Rain,light rain,10n
2025-12-09,2025-12-09 01:01:20,Paris,10.36,92,2.06,Clouds,scattered clouds,03n
2025-12-09,2025-12-09 01:01:20,New York,-3.82,33,5.36,Clear,clear sky,01n
2025-12-09,2025-12-09 01:01:20,Los Angeles,22.02,48,3.6,Clear,clear sky,01n
2025-12-09,2025-12-09 03:12:56,Colombo,28.35,76,6.71,Clouds,overcast clouds,04d
2025-12-09,2025-12-09 03:12:56,Kandy,23.82,81,1.57,Clouds,overcast clouds,04d
2025-12-09,2025-12-09 03:12:56,Nuwara Eliya,15.42,80,1.6,Clouds,overcast clouds,04d
2025-12-09,2025-12-09 03:12:56,Galle,26.11,80,1.38,Clouds,overcast clouds,04d
2025-12-09,2025-12-09 03:12:56,Tokyo,11.94,44,4.63,Clear,clear sky,01d
2025-12-09,2025-12-09 03:12:56,Dubai,20.96,40,2.57,Clear,clear sky,01d
2025-12-09,2025-12-09 03:12:56,Singapore,28.97,69,6.17,Clouds,broken clouds,04d
2025-12-09,2025-12-09 03:12:56,Sydney,29.75,52,5.66,Clear,clear sky,01d
2025-12-09,2025-12-09 03:12:56,London,12.7,89,5.14,Rain,light rain,10n
2025-12-09,2025-12-09 03:12:56,Paris,9.64,96,2.57,Clear,clear sky,01n
2025-12-09,2025-12-09 03:12:56,New York,-4.35,35,5.81,Clear,clear sky,01n
2025-12-09,2025-12-09 03:12:56,Los Angeles,20.64,40,4.12,Clear,clear sky,01n
2025-12-09,2025-12-09 04:22:22,Colombo,27.97,79,6.31,Clouds,overcast clouds,04d
2025-12-09,2025-12-09 04:22:22,Kandy,25.2,75,1.57,Clouds,overcast clouds,04d
2025-12-09,2025-12-09 04:22:22,Nuwara Eliya,17.06,74,1.8,Clouds,overcast clouds,04d
2025-12-09,2025-12-09 04:22:22,Galle,29.96,76,0.93,Clouds,overcast clouds,04d
2025-12-09,2025-12-09 04:22:22,Tokyo,12.78,41,4.12,Clouds,broken clouds,04d
2025-12-09,2025-12-09 04:22:22,Dubai,21.96,35,2.06,Clear,clear sky,01d
2025-12-09,2025-12-09 04:22:22,Singapore,29.32,68,7.2,Clouds,broken clouds,04d
2025-12-09,2025-12-09 04:22:22,Sydney,30.34,47,5.66,Clear,clear sky,01d
2025-12-09,2025-12-09 04:22:22,London,12.2,91,5.14,Rain,moderate rain,10n
2025-12-09,2025-12-09 04:22:22,Paris,9.43,94,3.09,Clear,clear sky,01n
2025-12-09,2025-12-09 04:22:22,New York,-4.79,39,5.36,Clear,clear sky,01n
2025-12-09,2025-12-09 04:22:22,Los Angeles,19.77,42,1.54,Clear,clear sky,01n
2025-12-09,2025-12-09 05:13:45,Colombo,31.13,67,6.29,Clouds,overcast clouds,04d
2025-12-09,2025-12-09 05:13:45,Kandy,26.28,71,1.24,Clouds,overcast clouds,04d
2025-12-09,2025-12-09 05:13:45,Nuwara Eliya,17.26,75,2.0,Clouds,overcast clouds,04d
2025-12-09,2025-12-09 05:13:45,Galle,31.07,76,0.45,Clouds,overcast clouds,04d
2025-12-09,2025-12-09 05:13:45,Tokyo,12.95,39,5.14,Clouds,broken clouds,04d
2025-12-09,2025-12-09 05:13:45,Dubai,22.96,33,1.54,Clear,clear sky,01d
2025-12-09,2025-12-09 05:13:45,Singapore,29.89,67,6.17,Clouds,broken clouds,04d
2025-12-09,2025-12-09 05:13:45,Sydney,29.85,45,6.69,Clear,clear sky,01d
2025-12-09,2025-12-09 05:13:45,London,12.19,92,5.14,Rain,light rain,10n
2025-12-09,2025-12-09 05:13:45,Paris,9.55,96,4.12,Clear,clear sky,01n
2025-12-09,2025-12-09 05:13:45,New York,-5.24,39,4.63,Clear,clear sky,01n
2025-12-09,2025-12-09 05:13:45,Los Angeles,19.12,42,2.57,Clear,clear sky,01n
2025-12-09,2025-12-09 06:21:29,Colombo,31.13,65,5.51,Clouds,overcast clouds,04d
2025-12-09,2025-12-09 06:21:29,Kandy,25.94,76,1.27,Clouds,overcast clouds,04d
2025-12-09,2025-12-09 06:21:29,Nuwara Eliya,16.9,79,1.49,Clouds,overcast clouds,04d
2025-12-09,2025-12-09 06:21:29,Galle,31.07,80,0.45,Clouds,overcast clouds,04d
2025-12-09,2025-12-09 06:21:29,Tokyo,12.5,39,6.17,Clear,clear sky,01d
2025-12-09,2025-12-09 06:21:29,Dubai,26.96,26,2.57,Clear,clear sky,01d
2025-12-09,2025-12-09 06:21:29,Singapore,30.18,66,5.66,Clouds,scattered clouds,03d
2025-12-09,2025-12-09 06:21:29,Sydney,27.76,57,4.63,Clear,clear sky,01d
2025-12-09,2025-12-09 06:21:29,London,12.02,91,5.81,Rain,moderate rain,10n
2025-12-09,2025-12-09 06:21:29,Paris,9.28,94,3.09,Clear,clear sky,01n
2025-12-09,2025-12-09 06:21:29,New York,-5.67,39,6.17,Clear,clear sky,01n
2025-12-09,2025-12-09 06:21:29,Los Angeles,18.74,44,2.06,Clear,clear sky,01n
2025-12-09,2025-12-09 07:16:19,Colombo,32.24,60,6.81,Clouds,overcast clouds,04d
2025-12-09,2025-12-09 07:16:19,Kandy,26.2,77,1.35,Clouds,overcast clouds,04d
2025-12-09,2025-12-09 07:16:19,Nuwara Eliya,16.28,82,1.44,Clouds,overcast clouds,04d
2025-12-09,2025-12-09 07:16:19,Galle,29.96,78,0.45,Clouds,overcast clouds,04d
2025-12-09,2025-12-09 07:16:19,Tokyo,12.04,42,5.14,Clouds,scattered clouds,03d
2025-12-09,2025-12-09 07:16:19,Dubai,27.96,26,3.09,Clear,clear sky,01d
2025-12-09,2025-12-09 07:16:19,Singapore,30.18,63,6.69,Clouds,scattered clouds,03d
2025-12-09,2025-12-09 07:16:19,Sydney,25.68,70,6.17,Clouds,scattered clouds,03d
2025-12-09,2025-12-09 07:16:19,London,11.92,91,6.69,Rain,light rain,10n
2025-12-09,2025-12-09 07:16:19,Paris,9.51,93,4.63,Clear,clear sky,01n
2025-12-09,2025-12-09 07:16:19,New York,-6.02,43,4.47,Clear,clear sky,01n
2025-12-09,2025-12-09 07:16:19,Los Angeles,19.24,39,2.57,Clear,clear sky,01n
2025-12-09,2025-12-09 08:20:00,Colombo,32.24,63,8.34,Clouds,overcast clouds,04d
2025-12-09,2025-12-09 08:20:00,Kandy,25.74,81,1.03,Clouds,overcast clouds,04d
2025-12-09,2025-12-09 08:20:00,Nuwara Eliya,15.55,87,1.39,Clouds,overcast clouds,04d
2025-12-09,2025-12-09 08:20:00,Galle,30.52,80,2.69,Clouds,overcast clouds,04d
2025-12-09,2025-12-09 08:20:00,Tokyo,11.16,45,5.14,Clouds,broken clouds,04n
2025-12-09,2025-12-09 08:20:00,Dubai,29.96,23,1.54,Clear,clear sky,01d
2025-12-09,2025-12-09 08:20:00,Singapore,29.52,66,6.17,Clouds,scattered clouds,03d
2025-12-09,2025-12-09 08:20:00,Sydney,23.53,77,12.35,Clouds,scattered clouds,03d
2025-12-09,2025-12-09 08:20:00,London,12.04,91,5.66,Rain,moderate rain,10d
2025-12-09,2025-12-09 08:20:00,Paris,9.3,94,4.12,Clear,clear sky,01d
2025-12-09,2025-12-09 08:20:00,New York,-6.24,45,3.6,Clear,clear sky,01n
2025-12-09,2025-12-09 08:20:00,Los Angeles,18.35,42,2.06,Clear,clear sky,01n
2025-12-09,2025-12-09 09:17:15,Colombo,30.58,71,8.2,Clouds,overcast clouds,04d
2025-12-09,2025-12-09 09:17:15,Kandy,25.38,83,1.09,Rain,light rain,10d
2025-12-09,2025-12-09 09:17:15,Nuwara Eliya,15.24,88,1.22,Rain,heavy intensity rain,10d
2025-12-09,2025-12-09 09:17:15,Galle,30.52,78,2.3,Clouds,overcast clouds,04d
2025-12-09,2025-12-09 09:17:15,Tokyo,10.26,47,1.09,Clouds,overcast clouds,04n
2025-12-09,2025-12-09 09:17:15,Dubai,29.96,23,1.54,Clear,clear sky,01d
2025-12-09,2025-12-09 09:17:15,Singapore,29.98,60,7.72,Clouds,broken clouds,04d
2025-12-09,2025-12-09 09:17:15,Sydney,21.6,81,13.89,Clouds,few clouds,02n
2025-12-09,2025-12-09 09:17:15,London,12.33,90,5.14,Clouds,broken clouds,04d
2025-12-09,2025-12-09 09:17:15,Paris,10.51,81,5.66,Clouds,few clouds,02d
2025-12-09,2025-12-09 09:17:15,New York,-6.07,47,4.02,Clear,clear sky,01n
2025-12-09,2025-12-09 09:17:15,Los Angeles,17.78,42,2.06,Clear,clear sky,01n
2025-12-09,2025-12-09 10:16:04,Colombo,30.02,73,7.71,Rain,light rain,10d
2025-12-09,2025-12-09 10:16:04,Kandy,24.12,89,1.2,Rain,heavy intensity rain,10d
2025-12-09,2025-12-09 10:16:04,Nuwara Eliya,14.33,93,1.18,Rain,moderate rain,10d
2025-12-09,2025-12-09 10:16:04,Galle,27.11,77,2.57,Clouds,overcast clouds,04d
2025-12-09,2025-12-09 10:16:04,Tokyo,10.04,50,3.6,Clouds,few clouds,02n
2025-12-09,2025-12-09 10:16:04,Dubai,29.96,28,5.14,Clear,clear sky,01d
2025-12-09,2025-12-09 10:16:04,Singapore,29.48,63,5.66,Clouds,broken clouds,04d
2025-12-09,2025-12-09 10:16:04,Sydney,21.13,83,11.83,Clouds,overcast clouds,04n
2025-12-09,2025-12-09 10:16:04,London,12.7,88,5.66,Clouds,scattered clouds,03d
2025-12-09,2025-12-09 10:16:04,Paris,11.93,86,5.14,Clear,clear sky,01d
2025-12-09,2025-12-09 10:16:04,New York,-6.25,47,4.47,Clear,clear sky,01n
2025-12-09,2025-12-09 10:16:04,Los Angeles,17.9,42,2.06,Clear,clear sky,01n
2025-12-09,2025-12-09 11:13:14,Colombo,29.46,76,7.52,Rain,moderate rain,10d
2025-12-09,2025-12-09 11:13:14,Kandy,23.08,94,1.37,Rain,heavy intensity rain,10d
2025-12-09,2025-12-09 11:13:14,Nuwara Eliya,13.47,97,1.29,Rain,light rain,10d
2025-12-09,2025-12-09 11:13:14,Galle,29.96,80,3.05,Clouds,overcast clouds,04d
2025-12-09,2025-12-09 11:13:14,Tokyo,9.74,52,0.67,Clouds,overcast clouds,04n
2025-12-09,2025-12-09 11:13:14,Dubai,29.96,26,5.14,Clear,clear sky,01d
2025-12-09,2025-12-09 11:13:14,Singapore,29.33,64,5.66,Clouds,broken clouds,04n
2025-12-09,2025-12-09 11:13:14,Sydney,20.98,83,11.83,Clouds,overcast clouds,04n
2025-12-09,2025-12-09 11:13:14,London,13.31,84,5.66,Clouds,scattered clouds,03d
2025-12-09,2025-12-09 11:13:14,Paris,13.15,79,6.17,Clear,clear sky,01d
2025-12-09,2025-12-09 11:13:14,New York,-6.19,48,2.68,Clear,clear sky,01n
2025-12-09,2025-12-09 11:13:14,Los Angeles,17.75,42,0.89,Clear,clear sky,01n
2025-12-09,2025-12-09 12:27:47,Colombo,26.69,87,7.42,Rain,heavy intensity rain,10n
2025-12-09,2025-12-09 12:27:47,Kandy,21.84,97,1.76,Clouds,overcast clouds,04n
2025-12-09,2025-12-09 12:27:47,Nuwara Eliya,13.1,98,1.34,Clouds,overcast clouds,04n
2025-12-09,2025-12-09 12:27:47,Galle,26.71,81,3.14,Clouds,overcast clouds,04n
2025-12-09,2025-12-09 12:27:47,Tokyo,9.43,46,0.45,Clouds,overcast clouds,04n
2025-12-09,2025-12-09 12:27:47,Dubai,28.96,37,5.14,Clear,clear sky,01d
2025-12-09,2025-12-09 12:27:47,Singapore,27.9,72,4.63,Clouds,broken clouds,04n
2025-12-09,2025-12-09 12:27:47,Sydney,20.66,83,10.29,Clouds,overcast clouds,04n
2025-12-09,2025-12-09 12:27:47,London,13.96,82,5.66,Clouds,broken clouds,04d
2025-12-09,2025-12-09 12:27:47,Paris,14.69,75,5.66,Clear,clear sky,01d
2025-12-09,2025-12-09 12:27:47,New York,-6.42,52,2.06,Clear,clear sky,01d
2025-12-09,2025-12-09 12:27:47,Los Angeles,17.14,42,2.06,Clear,clear sky,01n
2025-12-09,2025-12-09 13:31:14,Colombo,26.13,90,5.94,Rain,moderate rain,10n
2025-12-09,2025-12-09 13:31:14,Kandy,21.5,97,1.23,Clouds,overcast clouds,04n
2025-12-09,2025-12-09 13:31:14,Nuwara Eliya,12.91,98,1.4,Clouds,overcast clouds,04n
2025-12-09,2025-12-09 13:31:14,Galle,26.39,82,1.41,Clouds,overcast clouds,04n
2025-12-09,2025-12-09 13:31:14,Tokyo,8.8,45,2.57,Clouds,broken clouds,04n
2025-12-09,2025-12-09 13:31:14,Dubai,27.96,44,4.12,Clear,clear sky,01d
2025-12-09,2025-12-09 13:31:14,Singapore,27.79,74,4.63,Clouds,scattered clouds,03n
2025-12-09,2025-12-09 13:31:14,Sydney,20.56,83,9.77,Clouds,overcast clouds,04n
2025-12-09,2025-12-09 13:31:14,London,14.03,80,5.66,Clouds,overcast clouds,04d
2025-12-09,2025-12-09 13:31:14,Paris,15.25,72,6.17,Clear,clear sky,01d
2025-12-09,2025-12-09 13:31:14,New York,-5.85,50,2.57,Clear,clear sky,01d
2025-12-09,2025-12-09 13:31:14,Los Angeles,16.98,41,2.06,Clear,clear sky,01n
2025-12-09,2025-12-09 14:15:28,Colombo,25.58,92,7.38,Clouds,overcast clouds,04n
2025-12-09,2025-12-09 14:15:28,Kandy,21.5,97,1.23,Clouds,overcast clouds,04n
2025-12-09,2025-12-09 14:15:28,Nuwara Eliya,12.91,98,1.4,Rain,light rain,10n
2025-12-09,2025-12-09 14:15:28,Galle,26.39,82,1.41,Clouds,overcast clouds,04n
2025-12-09,2025-12-09 14:15:28,Tokyo,8.36,46,3.09,Clouds,few clouds,02n
2025-12-09,2025-12-09 14:15:28,Dubai,26.96,50,4.12,Clear,clear sky,01n
2025-12-09,2025-12-09 14:15:28,Singapore,27.79,74,4.63,Clouds,scattered clouds,03n
2025-12-09,2025-12-09 14:15:28,Sydney,20.39,82,10.8,Clouds,overcast clouds,04n
2025-12-09,2025-12-09 14:15:28,London,13.79,80,4.02,Clouds,overcast clouds,04d
2025-12-09,2025-12-09 14:15:28,Paris,15.36,71,7.72,Clear,clear sky,01d
2025-12-09,2025-12-09 14:15:28,New York,-5.3,49,2.57,Smoke,smoke,50d
2025-12-09,2025-12-09 14:15:28,Los Angeles,16.92,42,2.06,Clear,clear sky,01n
2025-12-09,2025-12-09 15:15:46,Colombo,25.58,95,7.16,Clouds,overcast clouds,04n
2025-12-09,2025-12-09 15:15:46,Kandy,21.36,98,1.44,Clouds,overcast clouds,04n
2025-12-09,2025-12-09 15:15:46,Nuwara Eliya,12.92,98,0.88,Clouds,overcast clouds,04n
2025-12-09,2025-12-09 15:15:46,Galle,26.25,82,1.57,Clouds,overcast clouds,04n
2025-12-09,2025-12-09 15:15:46,Tokyo,7.78,49,3.31,Clouds,overcast clouds,04n
2025-12-09,2025-12-09 15:15:46,Dubai,26.96,44,2.57,Clear,clear sky,01n
2025-12-09,2025-12-09 15:15:46,Singapore,27.04,76,4.63,Clouds,broken clouds,04n
2025-12-09,2025-12-09 15:15:46,Sydney,20.04,81,9.77,Clouds,overcast clouds,04n
2025-12-09,2025-12-09 15:15:46,London,13.8,81,6.17,Rain,light rain,10d
2025-12-09,2025-12-09 15:15:46,Paris,14.98,72,6.17,Clear,clear sky,01d
2025-12-09,2025-12-09 15:15:46,New York,-3.93,45,2.06,Clear,clear sky,01d
2025-12-09,2025-12-09 15:15:46,Los Angeles,16.37,43,2.06,Clear,clear sky,01d
2025-12-09,2025-12-09 16:18:22,Colombo,25.58,93,5.92,Clouds,overcast clouds,04n
2025-12-09,2025-12-09 16:18:22,Kandy,21.19,99,1.26,Clouds,overcast clouds,04n
2025-12-09,2025-12-09 16:18:22,Nuwara Eliya,12.89,98,1.05,Clouds,overcast clouds,04n
2025-12-09,2025-12-09 16:18:22,Galle,25.45,86,2.92,Clouds,overcast clouds,04n
2025-12-09,2025-12-09 16:18:22,Tokyo,7.79,50,2.57,Clouds,few clouds,02n
2025-12-09,2025-12-09 16:18:22,Dubai,26.96,44,2.57,Clear,clear sky,01n
2025-12-09,2025-12-09 16:18:22,Singapore,26.93,78,3.6,Clouds,broken clouds,04n
2025-12-09,2025-12-09 16:18:22,Sydney,18.59,85,8.23,Clouds,overcast clouds,04n
2025-12-09,2025-12-09 16:18:22,London,13.69,87,6.17,Rain,light rain,10n
2025-12-09,2025-12-09 16:18:22,Paris,14.47,75,5.66,Clear,clear sky,01n
2025-12-09,2025-12-09 16:18:22,New York,-2.47,40,2.24,Clear,clear sky,01d
2025-12-09,2025-12-09 16:18:22,Los Angeles,18.12,45,0.0,Clouds,few clouds,02d
2025-12-09,2025-12-09 17:14:34,Colombo,25.58,91,4.99,Clouds,overcast clouds,04n
2025-12-09,2025-12-09 17:14:34,Kandy,21.01,99,1.35,Clouds,overcast clouds,04n
2025-12-09,2025-12-09 17:14:34,Nuwara Eliya,12.77,97,1.19,Clouds,overcast clouds,04n
2025-12-09,2025-12-09 17:14:34,Galle,24.83,89,5.33,Clouds,overcast clouds,04n
2025-12-09,2025-12-09 17:14:34,Tokyo,7.48,51,2.57,Clouds,few clouds,02n
2025-12-09,2025-12-09 17:14:34,Dubai,25.96,53,2.06,Clear,clear sky,01n
2025-12-09,2025-12-09 17:14:34,Singapore,26.93,81,2.57,Clouds,broken clouds,04n
2025-12-09,2025-12-09 17:14:34,Sydney,18.4,85,8.23,Clouds,overcast clouds,04n
2025-12-09,2025-12-09 17:14:34,London,13.6,89,5.66,Clouds,broken clouds,04n
2025-12-09,2025-12-09 17:14:34,Paris,14.56,74,6.17,Clear,clear sky,01n
2025-12-09,2025-12-09 17:14:34,New York,-1.5,42,4.12,Clear,clear sky,01d
2025-12-09,2025-12-09 17:14:34,Los Angeles,20.16,38,1.54,Clear,clear sky,01d
2025-12-09,2025-12-09 18:17:08,Colombo,25.02,92,4.63,Clouds,overcast clouds,04n
2025-12-09,2025-12-09 18:17:08,Kandy,20.74,99,1.59,Rain,moderate rain,10n
2025-12-09,2025-12-09 18:17:08,Nuwara Eliya,12.62,96,0.68,Clouds,overcast clouds,04n
2025-12-09,2025-12-09 18:17:08,Galle,24.36,90,3.31,Clouds,overcast clouds,04n
2025-12-09,2025-12-09 18:17:08,Tokyo,7.53,49,3.09,Clear,clear sky,01n
2025-12-09,2025-12-09 18:17:08,Dubai,25.96,57,2.06,Clear,clear sky,01n
2025-12-09,2025-12-09 18:17:08,Singapore,26.75,81,2.57,Clouds,broken clouds,04n
2025-12-09,2025-12-09 18:17:08,Sydney,19.1,80,8.23,Clouds,overcast clouds,04n
2025-12-09,2025-12-09 18:17:08,London,13.99,87,5.66,Clouds,broken clouds,04n
2025-12-09,2025-12-09 18:17:08,Paris,14.77,74,5.66,Clouds,overcast clouds,04n
2025-12-09,2025-12-09 18:17:08,New York,-0.35,42,5.14,Clear,clear sky,01d
2025-12-09,2025-12-09 18:17:08,Los Angeles,23.19,31,1.54,Clear,clear sky,01d
2025-12-09,2025-12-09 19:10:47,Colombo,25.02,91,4.17,Clouds,overcast clouds,04n
2025-12-09,2025-12-09 19:10:47,Kandy,20.12,98,1.78,Rain,light rain,10n
2025-12-09,2025-12-09 19:10:47,Nuwara Eliya,11.49,95,0.57,Clouds,overcast clouds,04n
2025-12-09,2025-12-09 19:10:47,Galle,25.2,85,3.13,Clouds,overcast clouds,04n
2025-12-09,2025-12-09 19:10:47,Tokyo,6.75,51,3.09,Clear,clear sky,01n
2025-12-09,2025-12-09 19:10:47,Dubai,24.96,44,2.57,Clear,clear sky,01n
2025-12-09,2025-12-09 19:10:47,Singapore,26.75,81,2.57,Clouds,broken clouds,04n
2025-12-09,2025-12-09 19:10:47,Sydney,19.13,78,7.2,Clouds,overcast clouds,04d
2025-12-09,2025-12-09 19:10:47,London,14.04,84,7.6,Clouds,broken clouds,04n
2025-12-09,2025-12-09 19:10:47,Paris,14.78,74,5.66,Rain,light rain,10n
2025-12-09,2025-12-09 19:10:47,New York,-0.25,39,4.63,Clear,clear sky,01d
2025-12-09,2025-12-09 19:10:47,Los Angeles,24.91,28,2.57,Clear,clear sky,01d
2025-12-09,2025-12-09 20:13:52,Colombo,25.02,91,3.81,Clouds,overcast clouds,04n
2025-12-09,2025-12-09 20:13:52,Kandy,19.93,98,1.83,Clouds,broken clouds,04n
2025-12-09,2025-12-09 20:13:52,Nuwara Eliya,11.4,94,0.87,Clouds,overcast clouds,04n
2025-12-09,2025-12-09 20:13:52,Galle,25.04,85,3.02,Clouds,overcast clouds,04n
2025-12-09,2025-12-09 20:13:52,Tokyo,6.15,53,1.54,Clouds,few clouds,02n
2025-12-09,2025-12-09 20:13:52,Dubai,23.96,46,3.09,Clear,clear sky,01n
2025-12-09,2025-12-09 20:13:52,Singapore,26.18,84,2.57,Clouds,broken clouds,04n
2025-12-09,2025-12-09 20:13:52,Sydney,19.32,78,8.75,Clouds,broken clouds,04d
2025-12-09,2025-12-09 20:13:52,London,13.31,81,6.69,Clouds,scattered clouds,03n
2025-12-09,2025-12-09 20:13:52,Paris,14.72,75,5.14,Rain,light rain,10n
2025-12-09,2025-12-09 20:13:52,New York,0.41,34,4.63,Clear,clear sky,01d
2025-12-09,2025-12-09 20:13:52,Los Angeles,26.57,26,2.06,Clear,clear sky,01d
2025-12-09,2025-12-09 21:11:17,Colombo,25.02,92,4.63,Clouds,overcast clouds,04n
2025-12-09,2025-12-09 21:11:17,Kandy,19.79,98,1.8,Clouds,broken clouds,04n
2025-12-09,2025-12-09 21:11:17,Nuwara Eliya,11.24,93,1.05,Clouds,overcast clouds,04n
2025-12-09,2025-12-09 21:11:17,Galle,24.74,87,2.9,Clouds,overcast clouds,04n
2025-12-09,2025-12-09 21:11:17,Tokyo,6.19,56,1.54,Clouds,few clouds,02n
2025-12-09,2025-12-09 21:11:17,Dubai,22.96,56,2.57,Clear,clear sky,01n
2025-12-09,2025-12-09 21:11:17,Singapore,26.18,84,2.57,Clouds,broken clouds,04n
2025-12-09,2025-12-09 21:11:17,Sydney,20.2,75,7.2,Clouds,broken clouds,04d
2025-12-09,2025-12-09 21:11:17,London,12.95,81,7.15,Clouds,few clouds,02n
2025-12-09,2025-12-09 21:11:17,Paris,14.16,81,5.66,Rain,moderate rain,10n
2025-12-09,2025-12-09 21:11:17,New York,0.37,37,5.66,Clear,clear sky,01d
2025-12-09,2025-12-09 21:11:17,Los Angeles,27.48,24,3.6,Clear,clear sky,01d
2025-12-09,2025-12-09 22:14:01,Colombo,24.46,92,4.77,Clouds,overcast clouds,04n
2025-12-09,2025-12-09 22:14:01,Kandy,19.66,98,1.79,Clouds,broken clouds,04n
2025-12-09,2025-12-09 22:14:01,Nuwara Eliya,11.34,93,1.07,Clouds,overcast clouds,04n
2025-12-09,2025-12-09 22:14:01,Galle,24.71,88,3.03,Clouds,overcast clouds,04n
2025-12-09,2025-12-09 22:14:01,Tokyo,5.91,57,2.06,Clouds,few clouds,02d
2025-12-09,2025-12-09 22:14:01,Dubai,21.96,60,2.06,Clear,clear sky,01n
2025-12-09,2025-12-09 22:14:01,Singapore,26.07,85,2.06,Clouds,broken clouds,04n
2025-12-09,2025-12-09 22:14:01,Sydney,21.0,72,0.45,Clouds,overcast clouds,04d
2025-12-09,2025-12-09 22:14:01,London,12.4,81,5.36,Clouds,scattered clouds,03n
2025-12-09,2025-12-09 22:14:01,Paris,14.23,82,5.14,Rain,light rain,10n
2025-12-09,2025-12-09 22:14:01,New York,0.34,42,6.17,Clouds,few clouds,02n
2025-12-09,2025-12-09 22:14:01,Los Angeles,27.62,27,1.54,Clear,clear sky,01d
2025-12-09,2025-12-09 23:13:11,Colombo,24.46,92,4.84,Clouds,overcast clouds,04n
2025-12-09,2025-12-09 23:13:11,Kandy,19.62,98,1.81,Clouds,overcast clouds,04n
2025-12-09,2025-12-09 23:13:11,Nuwara Eliya,11.46,93,1.16,Clouds,overcast clouds,04n
2025-12-09,2025-12-09 23:13:11,Galle,25.04,87,2.51,Clouds,overcast clouds,04n
2025-12-09,2025-12-09 23:13:11,Tokyo,6.59,56,2.57,Clouds,few clouds,02d
2025-12-09,2025-12-09 23:13:11,Dubai,21.96,49,2.57,Clear,clear sky,01n
2025-12-09,2025-12-09 23:13:11,Singapore,26.0,85,2.57,Clouds,broken clouds,04d
2025-12-09,2025-12-09 23:13:11,Sydney,21.51,69,6.17,Clouds,broken clouds,04d
2025-12-09,2025-12-09 23:13:11,London,11.85,82,6.69,Clouds,broken clouds,04n
2025-12-09,2025-12-09 23:13:11,Paris,13.93,86,4.63,Rain,moderate rain,10n
2025-12-09,2025-12-09 23:13:11,New York,0.57,46,5.14,Clouds,overcast clouds,04n
2025-12-09,2025-12-09 23:13:11,Los Angeles,26.44,30,4.12,Clear,clear sky,01d
2025-12-10,2025-12-10 01:02:55,Colombo,23.91,94,6.26,Clouds,overcast clouds,04d
2025-12-10,2025-12-10 01:02:55,Kandy,19.81,98,1.74,Clouds,overcast clouds,04d
2025-12-10,2025-12-10 01:02:55,Nuwara Eliya,11.75,94,1.3,Clouds,overcast clouds,04d
2025-12-10,2025-12-10 01:02:55,Galle,27.74,79,0.45,Rain,heavy intensity rain,10d
2025-12-10,2025-12-10 01:02:55,Tokyo,9.19,52,2.57,Clouds,few clouds,02d
2025-12-10,2025-12-10 01:02:55,Dubai,21.96,43,3.6,Clear,clear sky,01n
2025-12-10,2025-12-10 01:02:55,Singapore,27.11,81,3.6,Clouds,broken clouds,04d
2025-12-10,2025-12-10 01:02:55,Sydney,22.14,66,6.17,Clouds,broken clouds,04d
2025-12-10,2025-12-10 01:02:55,London,11.39,83,5.14,Clouds,scattered clouds,03n
2025-12-10,2025-12-10 01:02:55,Paris,12.65,89,3.09,Clouds,overcast clouds,04n
2025-12-10,2025-12-10 01:02:55,New York,0.69,57,6.71,Clear,clear sky,01n
2025-12-10,2025-12-10 01:02:55,Los Angeles,21.93,43,2.06,Clear,clear sky,01n
2025-12-10,2025-12-10 03:16:40,Colombo,26.69,83,7.01,Clouds,broken clouds,04d
2025-12-10,2025-12-10 03:16:40,Kandy,22.52,90,1.79,Clouds,overcast clouds,04d
2025-12-10,2025-12-10 03:16:40,Nuwara Eliya,14.62,88,1.82,Clouds,overcast clouds,04d
2025-12-10,2025-12-10 03:16:40,Galle,27.74,79,0.45,Clouds,overcast clouds,04d
2025-12-10,2025-12-10 03:16:40,Tokyo,12.1,45,2.57,Clouds,broken clouds,04d
2025-12-10,2025-12-10 03:16:40,Dubai,18.96,45,2.57,Clear,clear sky,01d
2025-12-10,2025-12-10 03:16:40,Singapore,30.02,68,4.63,Clouds,broken clouds,04d
2025-12-10,2025-12-10 03:16:40,Sydney,24.97,65,1.34,Clouds,overcast clouds,04d
2025-12-10,2025-12-10 03:16:40,London,10.88,86,4.12,Clouds,overcast clouds,04n
2025-12-10,2025-12-10 03:16:40,Paris,12.64,91,3.09,Clouds,overcast clouds,04n
2025-12-10,2025-12-10 03:16:40,New York,1.04,66,7.2,Clouds,few clouds,02n
2025-12-10,2025-12-10 03:16:40,Los Angeles,19.55,44,2.06,Clear,clear sky,01n
2025-12-10,2025-12-10 04:27:07,Colombo,26.26,80,6.8,Clouds,broken clouds,04d
2025-12-10,2025-12-10 04:27:07,Kandy,24.03,83,1.75,Clouds,overcast clouds,04d
2025-12-10,2025-12-10 04:27:07,Nuwara Eliya,15.64,84,2.01,Clouds,overcast clouds,04d
2025-12-10,2025-12-10 04:27:07,Galle,28.29,79,0.45,Clouds,overcast clouds,04d
2025-12-10,2025-12-10 04:27:07,Tokyo,12.91,38,2.7,Clouds,scattered clouds,03d
2025-12-10,2025-12-10 04:27:07,Dubai,19.96,52,4.12,Clear,clear sky,01d
2025-12-10,2025-12-10 04:27:07,Singapore,30.49,64,4.63,Clouds,broken clouds,04d
2025-12-10,2025-12-10 04:27:07,Sydney,26.14,64,2.68,Clouds,broken clouds,04d
2025-12-10,2025-12-10 04:27:07,London,10.63,87,4.63,Clouds,overcast clouds,04n
2025-12-10,2025-12-10 04:27:07,Paris,12.65,93,3.09,Clouds,overcast clouds,04n
2025-12-10,2025-12-10 04:27:07,New York,1.23,67,6.17,Clouds,overcast clouds,04n
2025-12-10,2025-12-10 04:27:07,Los Angeles,19.92,41,2.06,Clear,clear sky,01n
2025-12-10,2025-12-10 05:15:09,Colombo,27.97,75,6.59,Clouds,broken clouds,04d
2025-12-10,2025-12-10 05:15:09,Kandy,25.48,76,1.78,Clouds,overcast clouds,04d
2025-12-10,2025-12-10 05:15:09,Nuwara Eliya,16.17,83,1.92,Clouds,overcast clouds,04d
2025-12-10,2025-12-10 05:15:09,Galle,28.85,78,0.89,Clouds,overcast clouds,04d
2025-12-10,2025-12-10 05:15:09,Tokyo,14.51,35,2.67,Clouds,scattered clouds,03d
2025-12-10,2025-12-10 05:15:09,Dubai,22.96,53,4.63,Clear,clear sky,01d
2025-12-10,2025-12-10 05:15:09,Singapore,29.95,73,5.14,Clouds,broken clouds,04d
2025-12-10,2025-12-10 05:15:09,Sydney,25.66,67,2.68,Clouds,broken clouds,04d
2025-12-10,2025-12-10 05:15:09,London,10.73,87,4.12,Clouds,overcast clouds,04n
2025-12-10,2025-12-10 05:15:09,Paris,12.65,93,3.09,Clouds,overcast clouds,04n
2025-12-10,2025-12-10 05:15:09,New York,1.23,67,6.69,Clouds,broken clouds,04n
2025-12-10,2025-12-10 05:15:09,Los Angeles,19.5,43,0.89,Clear,clear sky,01n
2025-12-10,2025-12-10 06:21:42,Colombo,28.07,74,6.19,Clouds,broken clouds,04d
2025-12-10,2025-12-10 06:21:42,Kandy,24.18,82,1.77,Clouds,overcast clouds,04d
2025-12-10,2025-12-10 06:21:42,Nuwara Eliya,14.47,95,1.86,Clouds,overcast clouds,04d
2025-12-10,2025-12-10 06:21:42,Galle,29.4,77,0.45,Clouds,overcast clouds,04d
2025-12-10,2025-12-10 06:21:42,Tokyo,13.73,33,2.57,Clouds,few clouds,02d
2025-12-10,2025-12-10 06:21:42,Dubai,23.96,50,4.63,Clear,clear sky,01d
2025-12-10,2025-12-10 06:21:42,Singapore,30.29,68,3.6,Clouds,broken clouds,04d
2025-12-10,2025-12-10 06:21:42,Sydney,24.04,73,6.17,Clouds,overcast clouds,04d
2025-12-10,2025-12-10 06:21:42,London,10.73,88,4.12,Clouds,overcast clouds,04n
2025-12-10,2025-12-10 06:21:42,Paris,12.65,93,3.09,Clouds,overcast clouds,04n
2025-12-10,2025-12-10 06:21:42,New York,1.2,68,7.2,Clouds,overcast clouds,04n
2025-12-10,2025-12-10 06:21:42,Los Angeles,19.53,37,0.89,Clear,clear sky,01n
2025-12-10,2025-12-10 07:16:59,Colombo,30.58,70,6.47,Clouds,scattered clouds,03d
2025-12-10,2025-12-10 07:16:59,Kandy,23.71,85,1.91,Clouds,overcast clouds,04d
2025-12-10,2025-12-10 07:16:59,Nuwara Eliya,14.35,95,1.83,Rain,light rain,10d
2025-12-10,2025-12-10 07:16:59,Galle,29.96,75,1.96,Clouds,scattered clouds,03d
2025-12-10,2025-12-10 07:16:59,Tokyo,13.12,33,2.06,Clouds,few clouds,02d
2025-12-10,2025-12-10 07:16:59,Dubai,25.96,44,5.66,Dust,dust,50d
2025-12-10,2025-12-10 07:16:59,Singapore,27.15,89,6.69,Rain,light intensity shower rain,09d
2025-12-10,2025-12-10 07:16:59,Sydney,23.08,78,5.14,Clouds,overcast clouds,04d
2025-12-10,2025-12-10 07:16:59,London,10.77,88,4.63,Clouds,overcast clouds,04n
2025-12-10,2025-12-10 07:16:59,Paris,12.65,93,3.6,Rain,light rain,10n
2025-12-10,2025-12-10 07:16:59,New York,0.83,68,6.17,Clear,clear sky,01n
2025-12-10,2025-12-10 07:16:59,Los Angeles,19.26,40,0.89,Clear,clear sky,01n
2025-12-10,2025-12-10 08:19:30,Colombo,30.02,70,7.66,Clouds,scattered clouds,03d
2025-12-10,2025-12-10 08:19:30,Kandy,22.9,88,1.66,Clouds,overcast clouds,04d
2025-12-10,2025-12-10 08:19:30,Nuwara Eliya,14.75,95,1.81,Clouds,overcast clouds,04d
2025-12-10,2025-12-10 08:19:30,Galle,30.52,75,2.02,Clouds,scattered clouds,03d
2025-12-10,2025-12-10 08:19:30,Tokyo,11.71,48,1.54,Clouds,few clouds,02n
2025-12-10,2025-12-10 08:19:30,Dubai,26.96,41,4.12,Clouds,scattered clouds,03d
2025-12-10,2025-12-10 08:19:30,Singapore,26.22,89,5.66,Thunderstorm,thunderstorm with light rain,11d
2025-12-10,2025-12-10 08:19:30,Sydney,22.55,81,5.14,Clouds,overcast clouds,04d
2025-12-10,2025-12-10 08:19:30,London,10.83,88,4.63,Clouds,overcast clouds,04d
2025-12-10,2025-12-10 08:19:30,Paris,12.65,93,4.63,Clouds,overcast clouds,04d
2025-12-10,2025-12-10 08:19:30,New York,0.82,69,5.66,Clouds,scattered clouds,03n
2025-12-10,2025-12-10 08:19:30,Los Angeles,19.43,37,0.89,Clear,clear sky,01n
2025-12-10,2025-12-10 09:17:25,Colombo,30.02,70,8.1,Clouds,scattered clouds,03d
2025-12-10,2025-12-10 09:17:25,Kandy,22.64,87,1.72,Clouds,overcast clouds,04d
2025-12-10,2025-12-10 09:17:25,Nuwara Eliya,14.29,96,1.82,Clouds,overcast clouds,04d
2025-12-10,2025-12-10 09:17:25,Galle,27.06,79,2.29,Clouds,scattered clouds,03d
2025-12-10,2025-12-10 09:17:25,Tokyo,11.0,50,2.06,Clear,clear sky,01n
2025-12-10,2025-12-10 09:17:25,Dubai,27.96,39,3.6,Clouds,broken clouds,04d
2025-12-10,2025-12-10 09:17:25,Singapore,25.65,91,5.66,Thunderstorm,thunderstorm with light rain,11d
2025-12-10,2025-12-10 09:17:25,Sydney,22.42,84,6.69,Clouds,overcast clouds,04n
2025-12-10,2025-12-10 09:17:25,London,11.27,87,5.14,Clouds,broken clouds,04d
2025-12-10,2025-12-10 09:17:25,Paris,12.89,92,4.12,Clouds,overcast clouds,04d
2025-12-10,2025-12-10 09:17:25,New York,0.81,71,5.14,Clear,clear sky,01n
2025-12-10,2025-12-10 09:17:25,Los Angeles,17.88,43,1.54,Clear,clear sky,01n
2025-12-10,2025-12-10 10:16:03,Colombo,28.91,73,7.89,Clouds,scattered clouds,03d
2025-12-10,2025-12-10 10:16:03,Kandy,23.67,80,1.76,Clouds,overcast clouds,04d
2025-12-10,2025-12-10 10:16:03,Nuwara Eliya,13.48,96,1.99,Clouds,overcast clouds,04d
2025-12-10,2025-12-10 10:16:03,Galle,26.14,84,1.95,Clouds,scattered clouds,03d
2025-12-10,2025-12-10 10:16:03,Tokyo,10.5,54,4.66,Clouds,few clouds,02n
2025-12-10,2025-12-10 10:16:03,Dubai,28.96,34,3.6,Clouds,broken clouds,04d
2025-12-10,2025-12-10 10:16:03,Singapore,25.32,93,1.54,Rain,moderate rain,10d
2025-12-10,2025-12-10 10:16:03,Sydney,21.76,88,1.79,Clouds,overcast clouds,04n
2025-12-10,2025-12-10 10:16:03,London,12.2,84,5.66,Clouds,scattered clouds,03d
2025-12-10,2025-12-10 10:16:03,Paris,12.96,91,4.12,Clouds,overcast clouds,04d
2025-12-10,2025-12-10 10:16:03,New York,0.73,73,4.63,Clouds,overcast clouds,04n
2025-12-10,2025-12-10 10:16:03,Los Angeles,18.9,36,1.51,Clear,clear sky,01n
2025-12-10,2025-12-10 11:12:49,Colombo,27.8,73,8.7,Clouds,broken clouds,04d
2025-12-10,2025-12-10 11:12:49,Kandy,22.86,85,1.93,Clouds,overcast clouds,04d
2025-12-10,2025-12-10 11:12:49,Nuwara Eliya,13.16,98,2.04,Clouds,overcast clouds,04d
2025-12-10,2025-12-10 11:12:49,Galle,25.32,87,1.57,Clouds,broken clouds,04d
2025-12-10,2025-12-10 11:12:49,Tokyo,9.97,61,4.24,Clouds,few clouds,02n
2025-12-10,2025-12-10 11:12:49,Dubai,27.96,44,4.63,Clouds,broken clouds,04d
2025-12-10,2025-12-10 11:12:49,Singapore,24.97,92,1.54,Rain,moderate rain,10n
2025-12-10,2025-12-10 11:12:49,Sydney,21.46,88,8.75,Clouds,overcast clouds,04n
2025-12-10,2025-12-10 11:12:49,London,12.82,81,5.66,Clouds,few clouds,02d
2025-12-10,2025-12-10 11:12:49,Paris,13.42,91,4.63,Clouds,overcast clouds,04d
2025-12-10,2025-12-10 11:12:49,New York,0.47,76,4.12,Clouds,scattered clouds,03n
2025-12-10,2025-12-10 11:12:49,Los Angeles,18.84,39,2.06,Clear,clear sky,01n
2025-12-10,2025-12-10 12:27:57,Colombo,27.24,76,7.83,Clouds,broken clouds,04n
2025-12-10,2025-12-10 12:27:57,Kandy,21.5,92,2.02,Clouds,overcast clouds,04n
2025-12-10,2025-12-10 12:27:57,Nuwara Eliya,12.61,97,1.43,Clouds,overcast clouds,04n
2025-12-10,2025-12-10 12:27:57,Galle,24.66,93,3.68,Clouds,broken clouds,04n
2025-12-10,2025-12-10 12:27:57,Tokyo,9.27,66,3.15,Clear,clear sky,01n
2025-12-10,2025-12-10 12:27:57,Dubai,27.96,47,5.14,Clouds,broken clouds,04d
2025-12-10,2025-12-10 12:27:57,Singapore,26.18,92,1.54,Clouds,broken clouds,04n
2025-12-10,2025-12-10 12:27:57,Sydney,20.73,89,8.75,Rain,light intensity shower rain,09n
2025-12-10,2025-12-10 12:27:57,London,13.39,76,7.72,Clouds,broken clouds,04d
2025-12-10,2025-12-10 12:27:57,Paris,14.33,86,5.14,Clouds,broken clouds,04d
2025-12-10,2025-12-10 12:27:57,New York,0.64,79,4.63,Clouds,broken clouds,04d
2025-12-10,2025-12-10 12:27:57,Los Angeles,17.64,43,2.06,Clear,clear sky,01n
2025-12-10,2025-12-10 13:32:23,Colombo,26.69,77,7.63,Rain,moderate rain,10n
2025-12-10,2025-12-10 13:32:23,Kandy,20.53,96,2.0,Clouds,overcast clouds,04n
2025-12-10,2025-12-10 13:32:23,Nuwara Eliya,12.03,98,1.55,Clouds,overcast clouds,04n
2025-12-10,2025-12-10 13:32:23,Galle,24.39,95,3.15,Clouds,overcast clouds,04n
2025-12-10,2025-12-10 13:32:23,Tokyo,9.45,65,5.14,Clouds,few clouds,02n
2025-12-10,2025-12-10 13:32:23,Dubai,26.96,47,4.63,Clear,clear sky,01n
2025-12-10,2025-12-10 13:32:23,Singapore,26.18,94,1.54,Clouds,broken clouds,04n
2025-12-10,2025-12-10 13:32:23,Sydney,20.67,88,7.72,Clouds,broken clouds,04n
2025-12-10,2025-12-10 13:32:23,London,13.64,69,7.2,Clouds,scattered clouds,03d
2025-12-10,2025-12-10 13:32:23,Paris,14.42,82,4.63,Clouds,broken clouds,04d
2025-12-10,2025-12-10 13:32:23,New York,0.98,78,4.47,Clouds,scattered clouds,03d
2025-12-10,2025-12-10 13:32:23,Los Angeles,17.81,38,2.57,Clear,clear sky,01n
2025-12-10,2025-12-10 14:16:04,Colombo,26.69,78,7.63,Rain,moderate rain,10n
2025-12-10,2025-12-10 14:16:04,Kandy,20.53,96,2.0,Clouds,overcast clouds,04n
2025-12-10,2025-12-10 14:16:04,Nuwara Eliya,12.03,98,1.55,Clouds,overcast clouds,04n
2025-12-10,2025-12-10 14:16:04,Galle,24.54,94,3.42,Clouds,overcast clouds,04n
2025-12-10,2025-12-10 14:16:04,Tokyo,9.22,61,6.17,Clouds,few clouds,02n
2025-12-10,2025-12-10 14:16:04,Dubai,25.96,53,4.12,Clear,clear sky,01n
2025-12-10,2025-12-10 14:16:04,Singapore,26.18,93,1.03,Clouds,broken clouds,04n
2025-12-10,2025-12-10 14:16:04,Sydney,20.31,86,10.29,Clouds,overcast clouds,04n
2025-12-10,2025-12-10 14:16:04,London,13.32,68,7.2,Clouds,few clouds,02d
2025-12-10,2025-12-10 14:16:04,Paris,14.14,80,3.6,Clouds,broken clouds,04d
2025-12-10,2025-12-10 14:16:04,New York,1.83,78,5.14,Clouds,overcast clouds,04d
2025-12-10,2025-12-10 14:16:04,Los Angeles,18.75,37,0.89,Clouds,few clouds,02n
2025-12-10,2025-12-10 15:16:43,Colombo,26.69,79,6.91,Rain,light rain,10n
2025-12-10,2025-12-10 15:16:43,Kandy,20.22,97,2.1,Clouds,overcast clouds,04n
2025-12-10,2025-12-10 15:16:43,Nuwara Eliya,11.97,98,1.84,Clouds,overcast clouds,04n
2025-12-10,2025-12-10 15:16:43,Galle,24.74,90,3.39,Clouds,overcast clouds,04n
2025-12-10,2025-12-10 15:16:43,Tokyo,8.11,64,3.6,Clouds,few clouds,02n
2025-12-10,2025-12-10 15:16:43,Dubai,25.96,57,3.6,Clear,clear sky,01n
2025-12-10,2025-12-10 15:16:43,Singapore,26.18,92,2.06,Clouds,broken clouds,04n
2025-12-10,2025-12-10 15:16:43,Sydney,20.14,85,9.77,Clouds,overcast clouds,04n
2025-12-10,2025-12-10 15:16:43,London,12.65,70,6.69,Clouds,few clouds,02d
2025-12-10,2025-12-10 15:16:43,Paris,14.05,79,3.09,Clouds,overcast clouds,04d
2025-12-10,2025-12-10 15:16:43,New York,3.24,74,6.69,Clouds,broken clouds,04d
2025-12-10,2025-12-10 15:16:43,Los Angeles,17.14,44,2.06,Clouds,few clouds,02d
2025-12-10,2025-12-10 16:19:43,Colombo,26.69,79,6.49,Rain,light rain,10n
2025-12-10,2025-12-10 16:19:43,Kandy,19.98,97,2.14,Clouds,overcast clouds,04n
2025-12-10,2025-12-10 16:19:43,Nuwara Eliya,11.81,98,1.68,Clouds,overcast clouds,04n
2025-12-10,2025-12-10 16:19:43,Galle,24.73,88,2.8,Clouds,overcast clouds,04n
2025-12-10,2025-12-10 16:19:43,Tokyo,8.1,63,3.09,Clear,clear sky,01n
2025-12-10,2025-12-10 16:19:43,Dubai,25.96,53,1.54,Clear,clear sky,01n
2025-12-10,2025-12-10 16:19:43,Singapore,26.18,89,2.06,Clouds,broken clouds,04n
2025-12-10,2025-12-10 16:19:43,Sydney,19.97,86,9.77,Rain,light rain,10n
2025-12-10,2025-12-10 16:19:43,London,11.61,74,5.66,Clear,clear sky,01n
2025-12-10,2025-12-10 16:19:43,Paris,13.2,81,3.09,Clouds,broken clouds,04n
2025-12-10,2025-12-10 16:19:43,New York,4.49,70,5.66,Clouds,scattered clouds,03d
2025-12-10,2025-12-10 16:19:43,Los Angeles,18.14,44,0.0,Clouds,few clouds,02d
2025-12-10,2025-12-10 17:16:22,Colombo,26.13,81,6.74,Clouds,overcast clouds,04n
2025-12-10,2025-12-10 17:16:22,Kandy,19.87,97,2.06,Clouds,overcast clouds,04n
2025-12-10,2025-12-10 17:16:22,Nuwara Eliya,11.52,98,1.5,Clouds,overcast clouds,04n
2025-12-10,2025-12-10 17:16:22,Galle,24.49,88,2.23,Clouds,overcast clouds,04n
2025-12-10,2025-12-10 17:16:22,Tokyo,7.51,62,3.09,Clear,clear sky,01n
2025-12-10,2025-12-10 17:16:22,Dubai,24.96,57,2.06,Clear,clear sky,01n
2025-12-10,2025-12-10 17:16:22,Singapore,26.18,89,2.06,Clouds,broken clouds,04n
2025-12-10,2025-12-10 17:16:22,Sydney,20.03,85,9.26,Rain,light rain,10n
2025-12-10,2025-12-10 17:16:22,London,11.09,76,4.12,Clouds,few clouds,02n
2025-12-10,2025-12-10 17:16:22,Paris,12.48,83,2.06,Clear,clear sky,01n
2025-12-10,2025-12-10 17:16:22,New York,6.25,65,6.69,Clouds,few clouds,02d
2025-12-10,2025-12-10 17:16:22,Los Angeles,20.58,40,2.57,Clear,clear sky,01d
2025-12-10,2025-12-10 18:21:04,Colombo,25.58,86,6.87,Clouds,overcast clouds,04n
2025-12-10,2025-12-10 18:21:04,Kandy,20.1,97,2.0,Clouds,overcast clouds,04n
2025-12-10,2025-12-10 18:21:04,Nuwara Eliya,11.8,95,1.52,Clouds,overcast clouds,04n
2025-12-10,2025-12-10 18:21:04,Galle,25.57,84,1.66,Clouds,overcast clouds,04n
2025-12-10,2025-12-10 18:21:04,Tokyo,7.0,62,3.09,Clear,clear sky,01n
2025-12-10,2025-12-10 18:21:04,Dubai,23.96,64,2.57,Clear,clear sky,01n
2025-12-10,2025-12-10 18:21:04,Singapore,26.18,89,2.06,Clouds,broken clouds,04n
2025-12-10,2025-12-10 18:21:04,Sydney,19.56,87,7.72,Rain,moderate rain,10n
2025-12-10,2025-12-10 18:21:04,London,10.4,79,4.12,Clear,clear sky,01n
2025-12-10,2025-12-10 18:21:04,Paris,11.28,88,1.54,Clear,clear sky,01n
2025-12-10,2025-12-10 18:21:04,New York,7.35,59,5.14,Clouds,few clouds,02d
2025-12-10,2025-12-10 18:21:04,Los Angeles,23.94,32,0.0,Clear,clear sky,01d
2025-12-10,2025-12-10 19:12:24,Colombo,25.02,88,7.11,Clouds,overcast clouds,04n
2025-12-10,2025-12-10 19:12:24,Kandy,19.98,97,1.8,Clouds,overcast clouds,04n
2025-12-10,2025-12-10 19:12:24,Nuwara Eliya,11.93,95,1.5,Clouds,overcast clouds,04n
2025-12-10,2025-12-10 19:12:24,Galle,27.74,79,0.89,Clouds,overcast clouds,04n
2025-12-10,2025-12-10 19:12:24,Tokyo,6.5,62,3.6,Clear,clear sky,01n
2025-12-10,2025-12-10 19:12:24,Dubai,23.96,60,2.06,Clear,clear sky,01n
2025-12-10,2025-12-10 19:12:24,Singapore,26.18,89,2.06,Clouds,broken clouds,04n
2025-12-10,2025-12-10 19:12:24,Sydney,19.25,90,7.72,Rain,light rain,10d
2025-12-10,2025-12-10 19:12:24,London,9.98,81,4.12,Clear,clear sky,01n
2025-12-10,2025-12-10 19:12:24,Paris,9.5,91,2.57,Clouds,broken clouds,04n
2025-12-10,2025-12-10 19:12:24,New York,7.64,58,7.2,Clouds,overcast clouds,04d
2025-12-10,2025-12-10 19:12:24,Los Angeles,26.23,28,1.54,Clear,clear sky,01d
2025-12-10,2025-12-10 20:15:59,Colombo,25.02,88,8.04,Clouds,overcast clouds,04n
2025-12-10,2025-12-10 20:15:59,Kandy,19.77,98,1.84,Clouds,overcast clouds,04n
2025-12-10,2025-12-10 20:15:59,Nuwara Eliya,11.48,95,1.43,Clouds,overcast clouds,04n
2025-12-10,2025-12-10 20:15:59,Galle,27.74,79,0.45,Clouds,overcast clouds,04n
2025-12-10,2025-12-10 20:15:59,Tokyo,6.19,64,4.12,Clouds,broken clouds,04n
2025-12-10,2025-12-10 20:15:59,Dubai,23.96,60,2.06,Clear,clear sky,01n
2025-12-10,2025-12-10 20:15:59,Singapore,26.18,89,1.54,Clouds,broken clouds,04n
2025-12-10,2025-12-10 20:15:59,Sydney,19.25,88,2.24,Clouds,overcast clouds,04d
2025-12-10,2025-12-10 20:15:59,London,10.01,82,3.6,Clear,clear sky,01n
2025-12-10,2025-12-10 20:15:59,Paris,8.97,92,1.54,Clear,clear sky,01n
2025-12-10,2025-12-10 20:15:59,New York,7.94,59,7.2,Rain,moderate rain,10d
2025-12-10,2025-12-10 20:15:59,Los Angeles,27.49,28,3.09,Clear,clear sky,01d
2025-12-10,2025-12-10 21:14:57,Colombo,24.46,90,8.1,Clouds,overcast clouds,04n
2025-12-10,2025-12-10 21:14:57,Kandy,19.71,98,1.73,Clouds,overcast clouds,04n
2025-12-10,2025-12-10 21:14:57,Nuwara Eliya,11.66,95,1.57,Clouds,overcast clouds,04n
2025-12-10,2025-12-10 21:14:57,Galle,25.49,87,3.99,Clouds,overcast clouds,04n
2025-12-10,2025-12-10 21:14:57,Tokyo,6.15,68,3.09,Clouds,broken clouds,04n
2025-12-10,2025-12-10 21:14:57,Dubai,22.96,64,1.03,Clear,clear sky,01n
2025-12-10,2025-12-10 21:14:57,Singapore,26.18,89,1.54,Clouds,broken clouds,04n
2025-12-10,2025-12-10 21:14:57,Sydney,19.97,80,8.75,Clouds,broken clouds,04d
2025-12-10,2025-12-10 21:14:57,London,9.51,85,3.09,Clouds,scattered clouds,03n
2025-12-10,2025-12-10 21:14:57,Paris,8.3,95,1.54,Clear,clear sky,01n
2025-12-10,2025-12-10 21:14:57,New York,7.52,65,4.63,Rain,moderate rain,10d
2025-12-10,2025-12-10 21:14:57,Los Angeles,27.09,30,3.6,Clear,clear sky,01d
2025-12-10,2025-12-10 22:13:56,Colombo,24.46,91,7.98,Clouds,overcast clouds,04n
2025-12-10,2025-12-10 22:13:56,Kandy,19.6,98,1.83,Clouds,overcast clouds,04n
2025-12-10,2025-12-10 22:13:56,Nuwara Eliya,11.46,95,1.55,Clouds,overcast clouds,04n
2025-12-10,2025-12-10 22:13:56,Galle,27.74,78,0.45,Clouds,overcast clouds,04n
2025-12-10,2025-12-10 22:13:56,Tokyo,6.29,65,2.8,Clouds,overcast clouds,04d
2025-12-10,2025-12-10 22:13:56,Dubai,22.96,64,1.54,Clear,clear sky,01n
2025-12-10,2025-12-10 22:13:56,Singapore,26.18,89,1.54,Clouds,broken clouds,04n
2025-12-10,2025-12-10 22:13:56,Sydney,20.68,73,8.23,Clouds,broken clouds,04d
2025-12-10,2025-12-10 22:13:56,London,9.58,84,4.47,Clouds,broken clouds,04n
2025-12-10,2025-12-10 22:13:56,Paris,7.43,95,1.54,Fog,fog,50n
2025-12-10,2025-12-10 22:13:56,New York,6.59,71,6.69,Rain,light rain,10n
2025-12-10,2025-12-10 22:13:56,Los Angeles,27.56,30,3.6,Clear,clear sky,01d
2025-12-10,2025-12-10 23:11:34,Colombo,24.46,91,7.66,Clouds,overcast clouds,04n
2025-12-10,2025-12-10 23:11:34,Kandy,19.36,98,1.86,Clouds,overcast clouds,04n
2025-12-10,2025-12-10 23:11:34,Nuwara Eliya,10.73,95,1.46,Clouds,overcast clouds,04n
2025-12-10,2025-12-10 23:11:34,Galle,25.02,90,2.84,Clouds,overcast clouds,04n
2025-12-10,2025-12-10 23:11:34,Tokyo,6.95,63,0.0,Clouds,broken clouds,04d
2025-12-10,2025-12-10 23:11:34,Dubai,21.96,68,3.09,Clear,clear sky,01n
2025-12-10,2025-12-10 23:11:34,Singapore,26.18,89,1.54,Clouds,broken clouds,04d
2025-12-10,2025-12-10 23:11:34,Sydney,21.15,70,8.23,Clouds,broken clouds,04d
2025-12-10,2025-12-10 23:11:34,London,9.09,85,3.13,Clouds,broken clouds,04n
2025-12-10,2025-12-10 23:11:34,Paris,7.96,95,1.54,Mist,mist,50n
2025-12-10,2025-12-10 23:11:34,New York,5.8,78,7.72,Rain,moderate rain,10n
2025-12-10,2025-12-10 23:11:34,Los Angeles,26.46,31,4.12,Clear,clear sky,01d
2025-12-11,2025-12-11 01:03:27,Colombo,24.46,91,7.96,Clouds,broken clouds,04d
2025-12-11,2025-12-11 01:03:27,Kandy,19.06,97,1.7,Clouds,few clouds,02d
2025-12-11,2025-12-11 01:03:27,Nuwara Eliya,10.57,94,1.25,Clouds,scattered clouds,03d
2025-12-11,2025-12-11 01:03:27,Galle,24.79,87,1.86,Clouds,overcast clouds,04d
2025-12-11,2025-12-11 01:03:27,Tokyo,8.54,60,1.03,Clouds,broken clouds,04d
2025-12-11,2025-12-11 01:03:27,Dubai,21.96,68,1.54,Clear,clear sky,01n
2025-12-11,2025-12-11 01:03:27,Singapore,26.75,86,1.54,Clouds,broken clouds,04d
2025-12-11,2025-12-11 01:03:27,Sydney,22.1,68,7.72,Clouds,broken clouds,04d
2025-12-11,2025-12-11 01:03:27,London,9.19,89,3.09,Clouds,few clouds,02n
2025-12-11,2025-12-11 01:03:27,Paris,6.93,97,1.54,Fog,fog,50n
2025-12-11,2025-12-11 01:03:27,New York,4.84,86,6.17,Rain,light rain,10n
2025-12-11,2025-12-11 01:03:27,Los Angeles,21.79,45,1.51,Clear,clear sky,01n
2025-12-11,2025-12-11 03:18:57,Colombo,27.24,78,8.55,Clouds,broken clouds,04d
2025-12-11,2025-12-11 03:18:57,Kandy,23.13,84,1.55,Clouds,few clouds,02d
2025-12-11,2025-12-11 03:18:57,Nuwara Eliya,14.42,84,1.59,Clouds,scattered clouds,03d
2025-12-11,2025-12-11 03:18:57,Galle,28.29,79,0.45,Clouds,broken clouds,04d
2025-12-11,2025-12-11 03:18:57,Tokyo,11.66,54,1.54,Clouds,broken clouds,04d
2025-12-11,2025-12-11 03:18:57,Dubai,20.96,73,1.54,Clear,clear sky,01d
2025-12-11,2025-12-11 03:18:57,Singapore,28.28,77,2.06,Clouds,broken clouds,04d
2025-12-11,2025-12-11 03:18:57,Sydney,23.09,60,8.23,Clouds,broken clouds,04d
2025-12-11,2025-12-11 03:18:57,London,8.81,91,4.12,Clouds,few clouds,02n
2025-12-11,2025-12-11 03:18:57,Paris,5.72,98,2.06,Fog,fog,50n
2025-12-11,2025-12-11 03:18:57,New York,5.2,84,5.66,Rain,moderate rain,10n
2025-12-11,2025-12-11 03:18:57,Los Angeles,19.54,47,1.54,Clear,clear sky,01n
2025-12-11,2025-12-11 04:29:25,Colombo,27.8,76,8.36,Clouds,scattered clouds,03d
2025-12-11,2025-12-11 04:29:25,Kandy,24.93,76,1.47,Clouds,scattered clouds,03d
2025-12-11,2025-12-11 04:29:25,Nuwara Eliya,15.98,79,1.86,Clouds,scattered clouds,03d
2025-12-11,2025-12-11 04:29:25,Galle,28.85,78,0.68,Clouds,broken clouds,04d
2025-12-11,2025-12-11 04:29:25,Tokyo,14.09,56,4.63,Clouds,few clouds,02d
2025-12-11,2025-12-11 04:29:25,Dubai,20.96,73,1.54,Clear,clear sky,01d
2025-12-11,2025-12-11 04:29:25,Singapore,28.6,73,1.54,Clouds,broken clouds,04d
2025-12-11,2025-12-11 04:29:25,Sydney,22.57,64,7.72,Clouds,broken clouds,04d
2025-12-11,2025-12-11 04:29:25,London,8.23,91,2.57,Clouds,few clouds,02n
2025-12-11,2025-12-11 04:29:25,Paris,4.41,100,2.06,Fog,fog,50n
2025-12-11,2025-12-11 04:29:25,New York,4.79,85,4.63,Clouds,broken clouds,04n
2025-12-11,2025-12-11 04:29:25,Los Angeles,19.09,49,2.06,Clear,clear sky,01n
2025-12-11,2025-12-11 05:16:48,Colombo,29.46,69,8.08,Clouds,scattered clouds,03d
2025-12-11,2025-12-11 05:16:48,Kandy,25.29,76,1.54,Clouds,scattered clouds,03d
2025-12-11,2025-12-11 05:16:48,Nuwara Eliya,17.15,75,2.0,Clouds,broken clouds,04d
2025-12-11,2025-12-11 05:16:48,Galle,29.4,76,0.75,Clouds,broken clouds,04d
2025-12-11,2025-12-11 05:16:48,Tokyo,15.83,55,8.75,Clear,clear sky,01d
2025-12-11,2025-12-11 05:16:48,Dubai,21.96,68,5.66,Clear,clear sky,01d
2025-12-11,2025-12-11 05:16:48,Singapore,28.93,72,1.54,Clouds,broken clouds,04d
2025-12-11,2025-12-11 05:16:48,Sydney,21.86,68,7.72,Clouds,broken clouds,04d
2025-12-11,2025-12-11 05:16:48,London,7.96,92,3.09,Clouds,scattered clouds,03n
2025-12-11,2025-12-11 05:16:48,Paris,5.0,99,2.06,Fog,fog,50n
2025-12-11,2025-12-11 05:16:48,New York,4.4,86,5.14,Clear,clear sky,01n
2025-12-11,2025-12-11 05:16:48,Los Angeles,19.76,45,1.54,Clear,clear sky,01n
2025-12-11,2025-12-11 06:22:26,Colombo,29.46,71,7.61,Clouds,broken clouds,04d
2025-12-11,2025-12-11 06:22:26,Kandy,26.06,72,1.44,Clouds,broken clouds,04d
2025-12-11,2025-12-11 06:22:26,Nuwara Eliya,16.69,79,1.78,Clouds,broken clouds,04d
2025-12-11,2025-12-11 06:22:26,Galle,29.96,75,0.45,Clouds,scattered clouds,03d
2025-12-11,2025-12-11 06:22:26,Tokyo,15.74,46,9.26,Clouds,few clouds,02d
2025-12-11,2025-12-11 06:22:26,Dubai,23.96,60,5.14,Clear,clear sky,01d
2025-12-11,2025-12-11 06:22:26,Singapore,29.69,68,1.54,Clouds,broken clouds,04d
2025-12-11,2025-12-11 06:22:26,Sydney,21.1,70,7.2,Rain,light rain,10d
2025-12-11,2025-12-11 06:22:26,London,8.25,93,1.34,Clouds,scattered clouds,03n
2025-12-11,2025-12-11 06:22:26,Paris,5.41,100,2.57,Fog,fog,50n
2025-12-11,2025-12-11 06:22:26,New York,3.86,86,5.14,Clear,clear sky,01n
2025-12-11,2025-12-11 06:22:26,Los Angeles,18.53,49,1.54,Clear,clear sky,01n
